Unnamed: 0,Unnamed: 1,Unnamed: 2,Unnamed: 3,Unnamed: 4,Unnamed: 5,Unnamed: 6,Unnamed: 7,Unnamed: 8,Unnamed: 9,Unnamed: 10
,,,,,,,,,,
,,,,,,,,,,
,,,,,,,,,,
,,项目质量保证计划,,,,,,,,
,,,,,,,,,,
,,,,,,,,,,
,,,,,,,,,,
,,,,,,,,,,
,,,,,,,,,,
,,,,,,,,,,
,,,,,,,,,,
,,,,,,,,,,
,,,,,,,,,,
,,文档修订记录,,,,,,,,
,,版本号,修订日期,修订说明,,,,修订人,审核人,批准人
,,V1.0,2023-01-16 00:00:00,首次发布,,,,尹贤臣,石荣磊,Jack Wong
,,V2.0,2024-05-01 00:00:00,从CMMI3升级到CMMI5,,,,黄官成,石荣磊,Jack Wong
,,,,,,,,,,
,,,,,,,,,,
,,,,,,,,,,
,,,,,,,,,,
,,,,,,,,,,
,,,,,,,,,,
,,,,,,,,,,
,,,,,,,,,,
,,,,,,,,,,
,,,,,,,,,,
,,,,,,,,,,
,,,,,,,,,,
,版权所有，侵权必究。,,,,,,,,,
