需求编号,需求描述,运营平台需求编号,用例类型,导航,功能模块,功能点,优先级,用例标题,前置条件,操作步骤,预期结果,测试结果,执行人,测试环境,备注
9506,"【背景】PMS现状：内外部企业证书同组织共用，根据证书申请人组织信息带出所属组织下所有的企业印章，河北公司反馈不符合管理要求及实际业务场景
【需求】需要根据证书申请人隔离企业证书
【方案】
1、外部企业证书申请人填报、查看页面、及文件用印调整为默认根据登录人本人申请的证书信息带出企业章；
2、支持外部用户在企业证书申请、查看时点击【添加组织已有印章】添加本人所属单位下的所有已生效印章，并发起申请
3、【添加新印章】时校验当前合作单位下是否有重复的在途或已生效印章名称，存在时提示失败：“您添加的印章名称与组织已有印章重复，如需申请请直接引用！”
4、外部企业证书申请、查看页面[印章信息]区域加红字提示“此处仅显示本人申请的印章，如需使用组织已有印章，请“添加组织已有印章”后申请使用。”
5、外部企业证书申请、查看页面【添加印章】弹窗字段名称“新增印张图片名称”改为“新增印章名称”",,UIUE,我的待办/CA用户配置- 企业证书,我的待办/CA用户配置- 企业证书,UIUE,L1,验证待办详细页面展示企业章,"1.申请人收到企业证书申请待办
2. 该合作单位有其他申请完成的企业章",1.点击待办进入详细页面,1.根据登录人本人申请的证书信息带出企业章；,通过,成亚珍,UAT,
9506,"【背景】PMS现状：内外部企业证书同组织共用，根据证书申请人组织信息带出所属组织下所有的企业印章，河北公司反馈不符合管理要求及实际业务场景
【需求】需要根据证书申请人隔离企业证书
【方案】
1、外部企业证书申请人填报、查看页面、及文件用印调整为默认根据登录人本人申请的证书信息带出企业章；
2、支持外部用户在企业证书申请、查看时点击【添加组织已有印章】添加本人所属单位下的所有已生效印章，并发起申请
3、【添加新印章】时校验当前合作单位下是否有重复的在途或已生效印章名称，存在时提示失败：“您添加的印章名称与组织已有印章重复，如需申请请直接引用！”
4、外部企业证书申请、查看页面[印章信息]区域加红字提示“此处仅显示本人申请的印章，如需使用组织已有印章，请“添加组织已有印章”后申请使用。”
5、外部企业证书申请、查看页面【添加印章】弹窗字段名称“新增印张图片名称”改为“新增印章名称”",,功能+UIUE,我的待办/CA用户配置- 企业证书,我的待办/CA用户配置- 企业证书,功能+UIUE,L1,验证添加组织已有印章列表展示正确,"1.申请人收到企业证书申请待办
2. 该合作单位有其他申请完成的企业章",1.点击待办进入详细页面，点击按钮“添加组织已有印章”,"1.弹出列表弹框
2.左上角展示合作单位名称，全部企业章
3. 展示搜索框，后面展示放大镜按钮，同一行红色字体展示”勾选即默认引用当前印章，若需取消引用，取消勾选即可。
4. 字段：全选框、印章名称、上传人、上传日期（格式：2023/07/10）、印章图片",通过,成亚珍,UAT,
9506,"【背景】PMS现状：内外部企业证书同组织共用，根据证书申请人组织信息带出所属组织下所有的企业印章，河北公司反馈不符合管理要求及实际业务场景
【需求】需要根据证书申请人隔离企业证书
【方案】
1、外部企业证书申请人填报、查看页面、及文件用印调整为默认根据登录人本人申请的证书信息带出企业章；
2、支持外部用户在企业证书申请、查看时点击【添加组织已有印章】添加本人所属单位下的所有已生效印章，并发起申请
3、【添加新印章】时校验当前合作单位下是否有重复的在途或已生效印章名称，存在时提示失败：“您添加的印章名称与组织已有印章重复，如需申请请直接引用！”
4、外部企业证书申请、查看页面[印章信息]区域加红字提示“此处仅显示本人申请的印章，如需使用组织已有印章，请“添加组织已有印章”后申请使用。”
5、外部企业证书申请、查看页面【添加印章】弹窗字段名称“新增印张图片名称”改为“新增印章名称”",,UIUE,我的待办/CA用户配置- 企业证书,我的待办/CA用户配置- 企业证书,搜索,L1,验证添加组织已有印章列表输入框默认文字,"1.申请人收到企业证书申请待办
2. 该合作单位有其他申请完成的企业章",1.点击待办进入详细页面，点击按钮“添加组织已有印章”检查列表输入框,1.搜索框默认展示文字“请输入印章名称/上传人”,通过,成亚珍,UAT,
9506,"【背景】PMS现状：内外部企业证书同组织共用，根据证书申请人组织信息带出所属组织下所有的企业印章，河北公司反馈不符合管理要求及实际业务场景
【需求】需要根据证书申请人隔离企业证书
【方案】
1、外部企业证书申请人填报、查看页面、及文件用印调整为默认根据登录人本人申请的证书信息带出企业章；
2、支持外部用户在企业证书申请、查看时点击【添加组织已有印章】添加本人所属单位下的所有已生效印章，并发起申请
3、【添加新印章】时校验当前合作单位下是否有重复的在途或已生效印章名称，存在时提示失败：“您添加的印章名称与组织已有印章重复，如需申请请直接引用！”
4、外部企业证书申请、查看页面[印章信息]区域加红字提示“此处仅显示本人申请的印章，如需使用组织已有印章，请“添加组织已有印章”后申请使用。”
5、外部企业证书申请、查看页面【添加印章】弹窗字段名称“新增印张图片名称”改为“新增印章名称”",,功能,我的待办/CA用户配置- 企业证书,我的待办/CA用户配置- 企业证书,搜索,L1,验证添加组织已有印章列表输入框功能,"1.申请人收到企业证书申请待办
2. 该合作单位有其他申请完成的企业章",1.点击待办进入详细页面，点击按钮“添加组织已有印章”检查列表输入框，输入精确内容点击放大镜,1.内容和搜索内容一致,通过,成亚珍,UAT,
9506,"【背景】PMS现状：内外部企业证书同组织共用，根据证书申请人组织信息带出所属组织下所有的企业印章，河北公司反馈不符合管理要求及实际业务场景
【需求】需要根据证书申请人隔离企业证书
【方案】
1、外部企业证书申请人填报、查看页面、及文件用印调整为默认根据登录人本人申请的证书信息带出企业章；
2、支持外部用户在企业证书申请、查看时点击【添加组织已有印章】添加本人所属单位下的所有已生效印章，并发起申请
3、【添加新印章】时校验当前合作单位下是否有重复的在途或已生效印章名称，存在时提示失败：“您添加的印章名称与组织已有印章重复，如需申请请直接引用！”
4、外部企业证书申请、查看页面[印章信息]区域加红字提示“此处仅显示本人申请的印章，如需使用组织已有印章，请“添加组织已有印章”后申请使用。”
5、外部企业证书申请、查看页面【添加印章】弹窗字段名称“新增印张图片名称”改为“新增印章名称”",,功能,我的待办/CA用户配置- 企业证书,我的待办/CA用户配置- 企业证书,搜索,L1,验证添加组织已有印章列表输入框功能,"1.申请人收到企业证书申请待办
2. 该合作单位有其他申请完成的企业章",1.点击待办进入详细页面，点击按钮“添加组织已有印章”检查列表输入框，输入模糊内容点击放大镜,1.内容和搜索内容一致,通过,成亚珍,UAT,
9506,"【背景】PMS现状：内外部企业证书同组织共用，根据证书申请人组织信息带出所属组织下所有的企业印章，河北公司反馈不符合管理要求及实际业务场景
【需求】需要根据证书申请人隔离企业证书
【方案】
1、外部企业证书申请人填报、查看页面、及文件用印调整为默认根据登录人本人申请的证书信息带出企业章；
2、支持外部用户在企业证书申请、查看时点击【添加组织已有印章】添加本人所属单位下的所有已生效印章，并发起申请
3、【添加新印章】时校验当前合作单位下是否有重复的在途或已生效印章名称，存在时提示失败：“您添加的印章名称与组织已有印章重复，如需申请请直接引用！”
4、外部企业证书申请、查看页面[印章信息]区域加红字提示“此处仅显示本人申请的印章，如需使用组织已有印章，请“添加组织已有印章”后申请使用。”
5、外部企业证书申请、查看页面【添加印章】弹窗字段名称“新增印张图片名称”改为“新增印章名称”",,功能,我的待办/CA用户配置- 企业证书,我的待办/CA用户配置- 企业证书,搜索,L1,验证添加组织已有印章列表输入框功能,"1.申请人收到企业证书申请待办
2. 该合作单位有其他申请完成的企业章",1.点击待办进入详细页面，点击按钮“添加组织已有印章”检查列表输入框，输入特殊字符点击放大镜,1.能匹配到就可以展示内容，匹配不到不展示内容,通过,成亚珍,UAT,
9506,"【背景】PMS现状：内外部企业证书同组织共用，根据证书申请人组织信息带出所属组织下所有的企业印章，河北公司反馈不符合管理要求及实际业务场景
【需求】需要根据证书申请人隔离企业证书
【方案】
1、外部企业证书申请人填报、查看页面、及文件用印调整为默认根据登录人本人申请的证书信息带出企业章；
2、支持外部用户在企业证书申请、查看时点击【添加组织已有印章】添加本人所属单位下的所有已生效印章，并发起申请
3、【添加新印章】时校验当前合作单位下是否有重复的在途或已生效印章名称，存在时提示失败：“您添加的印章名称与组织已有印章重复，如需申请请直接引用！”
4、外部企业证书申请、查看页面[印章信息]区域加红字提示“此处仅显示本人申请的印章，如需使用组织已有印章，请“添加组织已有印章”后申请使用。”
5、外部企业证书申请、查看页面【添加印章】弹窗字段名称“新增印张图片名称”改为“新增印章名称”",,功能,我的待办/CA用户配置- 企业证书,我的待办/CA用户配置- 企业证书,搜索,L1,验证添加组织已有印章列表输入框功能,"1.申请人收到企业证书申请待办
2. 该合作单位有其他申请完成的企业章",1.点击待办进入详细页面，点击按钮“添加组织已有印章”检查列表输入框，输入过长字符（大于50汉字）,1.不可输入,通过,成亚珍,UAT,
9506,"【背景】PMS现状：内外部企业证书同组织共用，根据证书申请人组织信息带出所属组织下所有的企业印章，河北公司反馈不符合管理要求及实际业务场景
【需求】需要根据证书申请人隔离企业证书
【方案】
1、外部企业证书申请人填报、查看页面、及文件用印调整为默认根据登录人本人申请的证书信息带出企业章；
2、支持外部用户在企业证书申请、查看时点击【添加组织已有印章】添加本人所属单位下的所有已生效印章，并发起申请
3、【添加新印章】时校验当前合作单位下是否有重复的在途或已生效印章名称，存在时提示失败：“您添加的印章名称与组织已有印章重复，如需申请请直接引用！”
4、外部企业证书申请、查看页面[印章信息]区域加红字提示“此处仅显示本人申请的印章，如需使用组织已有印章，请“添加组织已有印章”后申请使用。”
5、外部企业证书申请、查看页面【添加印章】弹窗字段名称“新增印张图片名称”改为“新增印章名称”",,功能,我的待办/CA用户配置- 企业证书,我的待办/CA用户配置- 企业证书,查看,L1,验证添加组织已有印章列表查看功能,"1.申请人收到企业证书申请待办
2. 该合作单位有其他申请完成的企业章",1.点击待办进入详细页面，点击按钮“添加组织已有印章”，在列表页面，点击印章图片的查看按钮,1.可以查看图片,通过,成亚珍,UAT,
9506,"【背景】PMS现状：内外部企业证书同组织共用，根据证书申请人组织信息带出所属组织下所有的企业印章，河北公司反馈不符合管理要求及实际业务场景
【需求】需要根据证书申请人隔离企业证书
【方案】
1、外部企业证书申请人填报、查看页面、及文件用印调整为默认根据登录人本人申请的证书信息带出企业章；
2、支持外部用户在企业证书申请、查看时点击【添加组织已有印章】添加本人所属单位下的所有已生效印章，并发起申请
3、【添加新印章】时校验当前合作单位下是否有重复的在途或已生效印章名称，存在时提示失败：“您添加的印章名称与组织已有印章重复，如需申请请直接引用！”
4、外部企业证书申请、查看页面[印章信息]区域加红字提示“此处仅显示本人申请的印章，如需使用组织已有印章，请“添加组织已有印章”后申请使用。”
5、外部企业证书申请、查看页面【添加印章】弹窗字段名称“新增印张图片名称”改为“新增印章名称”",,功能,我的待办/CA用户配置- 企业证书,我的待办/CA用户配置- 企业证书,勾选,L1,验证添加组织已有印章列表勾选功能,"1.申请人收到企业证书申请待办
2. 该合作单位有其他申请完成的企业章",1.点击待办进入详细页面，点击按钮“添加组织已有印章”，在列表页面，勾选全选按钮，点击确定按钮,1.全部被勾选，勾选后系统自动添加至主页面[印章信息]处,通过,成亚珍,UAT,
9506,"【背景】PMS现状：内外部企业证书同组织共用，根据证书申请人组织信息带出所属组织下所有的企业印章，河北公司反馈不符合管理要求及实际业务场景
【需求】需要根据证书申请人隔离企业证书
【方案】
1、外部企业证书申请人填报、查看页面、及文件用印调整为默认根据登录人本人申请的证书信息带出企业章；
2、支持外部用户在企业证书申请、查看时点击【添加组织已有印章】添加本人所属单位下的所有已生效印章，并发起申请
3、【添加新印章】时校验当前合作单位下是否有重复的在途或已生效印章名称，存在时提示失败：“您添加的印章名称与组织已有印章重复，如需申请请直接引用！”
4、外部企业证书申请、查看页面[印章信息]区域加红字提示“此处仅显示本人申请的印章，如需使用组织已有印章，请“添加组织已有印章”后申请使用。”
5、外部企业证书申请、查看页面【添加印章】弹窗字段名称“新增印张图片名称”改为“新增印章名称”",,功能,我的待办/CA用户配置- 企业证书,我的待办/CA用户配置- 企业证书,勾选,L1,验证添加组织已有印章列表勾选功能,"1.申请人收到企业证书申请待办
2. 该合作单位有其他申请完成的企业章",1.点击待办进入详细页面，点击按钮“添加组织已有印章”，在列表页面，勾选自己上传的印章，点击确定按钮,1.无法勾选,通过,成亚珍,UAT,
9506,"【背景】PMS现状：内外部企业证书同组织共用，根据证书申请人组织信息带出所属组织下所有的企业印章，河北公司反馈不符合管理要求及实际业务场景
【需求】需要根据证书申请人隔离企业证书
【方案】
1、外部企业证书申请人填报、查看页面、及文件用印调整为默认根据登录人本人申请的证书信息带出企业章；
2、支持外部用户在企业证书申请、查看时点击【添加组织已有印章】添加本人所属单位下的所有已生效印章，并发起申请
3、【添加新印章】时校验当前合作单位下是否有重复的在途或已生效印章名称，存在时提示失败：“您添加的印章名称与组织已有印章重复，如需申请请直接引用！”
4、外部企业证书申请、查看页面[印章信息]区域加红字提示“此处仅显示本人申请的印章，如需使用组织已有印章，请“添加组织已有印章”后申请使用。”
5、外部企业证书申请、查看页面【添加印章】弹窗字段名称“新增印张图片名称”改为“新增印章名称”",,功能,我的待办/CA用户配置- 企业证书,我的待办/CA用户配置- 企业证书,勾选,L1,验证添加组织已有印章列表勾选功能,"1.申请人收到企业证书申请待办
2. 该合作单位有其他申请完成的企业章",1.点击待办进入详细页面，点击按钮“添加组织已有印章”，勾选的印章大于20条,1.只能勾选20条，超过弹出提示：“单次最多添加20条数据！”,通过,成亚珍,UAT,
9506,"【背景】PMS现状：内外部企业证书同组织共用，根据证书申请人组织信息带出所属组织下所有的企业印章，河北公司反馈不符合管理要求及实际业务场景
【需求】需要根据证书申请人隔离企业证书
【方案】
1、外部企业证书申请人填报、查看页面、及文件用印调整为默认根据登录人本人申请的证书信息带出企业章；
2、支持外部用户在企业证书申请、查看时点击【添加组织已有印章】添加本人所属单位下的所有已生效印章，并发起申请
3、【添加新印章】时校验当前合作单位下是否有重复的在途或已生效印章名称，存在时提示失败：“您添加的印章名称与组织已有印章重复，如需申请请直接引用！”
4、外部企业证书申请、查看页面[印章信息]区域加红字提示“此处仅显示本人申请的印章，如需使用组织已有印章，请“添加组织已有印章”后申请使用。”
5、外部企业证书申请、查看页面【添加印章】弹窗字段名称“新增印张图片名称”改为“新增印章名称”",,功能,我的待办/CA用户配置- 企业证书,我的待办/CA用户配置- 企业证书,勾选,L1,验证添加组织已有印章列表勾选功能,"1.申请人收到企业证书申请待办
2. 该合作单位有其他申请完成的企业章",1.点击待办进入详细页面，点击按钮“添加组织已有印章”，在列表页面，勾选部分按钮，点击确定按钮,1.部分被勾选，勾选后系统自动添加至主页面[印章信息]处,通过,成亚珍,UAT,
9506,"【背景】PMS现状：内外部企业证书同组织共用，根据证书申请人组织信息带出所属组织下所有的企业印章，河北公司反馈不符合管理要求及实际业务场景
【需求】需要根据证书申请人隔离企业证书
【方案】
1、外部企业证书申请人填报、查看页面、及文件用印调整为默认根据登录人本人申请的证书信息带出企业章；
2、支持外部用户在企业证书申请、查看时点击【添加组织已有印章】添加本人所属单位下的所有已生效印章，并发起申请
3、【添加新印章】时校验当前合作单位下是否有重复的在途或已生效印章名称，存在时提示失败：“您添加的印章名称与组织已有印章重复，如需申请请直接引用！”
4、外部企业证书申请、查看页面[印章信息]区域加红字提示“此处仅显示本人申请的印章，如需使用组织已有印章，请“添加组织已有印章”后申请使用。”
5、外部企业证书申请、查看页面【添加印章】弹窗字段名称“新增印张图片名称”改为“新增印章名称”",,功能,我的待办/CA用户配置- 企业证书,我的待办/CA用户配置- 企业证书,勾选,L1,验证添加组织已有印章列表勾选功能,"1.申请人收到企业证书申请待办
2. 该合作单位有其他申请完成的企业章",1.点击待办进入详细页面，点击按钮“添加组织已有印章”，在列表页面，不勾选，点击确定按钮,1.提示需要勾选,通过,成亚珍,UAT,
9506,"【背景】PMS现状：内外部企业证书同组织共用，根据证书申请人组织信息带出所属组织下所有的企业印章，河北公司反馈不符合管理要求及实际业务场景
【需求】需要根据证书申请人隔离企业证书
【方案】
1、外部企业证书申请人填报、查看页面、及文件用印调整为默认根据登录人本人申请的证书信息带出企业章；
2、支持外部用户在企业证书申请、查看时点击【添加组织已有印章】添加本人所属单位下的所有已生效印章，并发起申请
3、【添加新印章】时校验当前合作单位下是否有重复的在途或已生效印章名称，存在时提示失败：“您添加的印章名称与组织已有印章重复，如需申请请直接引用！”
4、外部企业证书申请、查看页面[印章信息]区域加红字提示“此处仅显示本人申请的印章，如需使用组织已有印章，请“添加组织已有印章”后申请使用。”
5、外部企业证书申请、查看页面【添加印章】弹窗字段名称“新增印张图片名称”改为“新增印章名称”",,功能,我的待办/CA用户配置- 企业证书,我的待办/CA用户配置- 企业证书,关闭,L1,验证添加组织已有印章列表关闭功能,"1.申请人收到企业证书申请待办
2. 该合作单位有其他申请完成的企业章",1.点击待办进入详细页面，点击按钮“添加组织已有印章”，在列表页面，点击关闭按钮,1.关闭当前弹框,通过,成亚珍,UAT,
9506,"【背景】PMS现状：内外部企业证书同组织共用，根据证书申请人组织信息带出所属组织下所有的企业印章，河北公司反馈不符合管理要求及实际业务场景
【需求】需要根据证书申请人隔离企业证书
【方案】
1、外部企业证书申请人填报、查看页面、及文件用印调整为默认根据登录人本人申请的证书信息带出企业章；
2、支持外部用户在企业证书申请、查看时点击【添加组织已有印章】添加本人所属单位下的所有已生效印章，并发起申请
3、【添加新印章】时校验当前合作单位下是否有重复的在途或已生效印章名称，存在时提示失败：“您添加的印章名称与组织已有印章重复，如需申请请直接引用！”
4、外部企业证书申请、查看页面[印章信息]区域加红字提示“此处仅显示本人申请的印章，如需使用组织已有印章，请“添加组织已有印章”后申请使用。”
5、外部企业证书申请、查看页面【添加印章】弹窗字段名称“新增印张图片名称”改为“新增印章名称”",,功能,我的待办/CA用户配置- 企业证书,我的待办/CA用户配置- 企业证书,翻页,L2,验证添加组织已有印章列表翻页功能,"1.申请人收到企业证书申请待办
2. 该合作单位有其他申请完成的企业章",1.点击待办进入详细页面，点击按钮“添加组织已有印章”，在列表页面，点击翻页,1.可以正常翻页（向前、向后）,通过,成亚珍,UAT,
9506,"【背景】PMS现状：内外部企业证书同组织共用，根据证书申请人组织信息带出所属组织下所有的企业印章，河北公司反馈不符合管理要求及实际业务场景
【需求】需要根据证书申请人隔离企业证书
【方案】
1、外部企业证书申请人填报、查看页面、及文件用印调整为默认根据登录人本人申请的证书信息带出企业章；
2、支持外部用户在企业证书申请、查看时点击【添加组织已有印章】添加本人所属单位下的所有已生效印章，并发起申请
3、【添加新印章】时校验当前合作单位下是否有重复的在途或已生效印章名称，存在时提示失败：“您添加的印章名称与组织已有印章重复，如需申请请直接引用！”
4、外部企业证书申请、查看页面[印章信息]区域加红字提示“此处仅显示本人申请的印章，如需使用组织已有印章，请“添加组织已有印章”后申请使用。”
5、外部企业证书申请、查看页面【添加印章】弹窗字段名称“新增印张图片名称”改为“新增印章名称”",,功能,我的待办/CA用户配置- 企业证书,我的待办/CA用户配置- 企业证书,关闭,L2,验证添加组织已有印章列表关闭弹框功能,"1.申请人收到企业证书申请待办
2. 该合作单位有其他申请完成的企业章",1.点击待办进入详细页面，点击按钮“添加组织已有印章”，在列表页面，点击右上角的叉叉,1.弹框关闭,通过,成亚珍,UAT,
9506,"【背景】PMS现状：内外部企业证书同组织共用，根据证书申请人组织信息带出所属组织下所有的企业印章，河北公司反馈不符合管理要求及实际业务场景
【需求】需要根据证书申请人隔离企业证书
【方案】
1、外部企业证书申请人填报、查看页面、及文件用印调整为默认根据登录人本人申请的证书信息带出企业章；
2、支持外部用户在企业证书申请、查看时点击【添加组织已有印章】添加本人所属单位下的所有已生效印章，并发起申请
3、【添加新印章】时校验当前合作单位下是否有重复的在途或已生效印章名称，存在时提示失败：“您添加的印章名称与组织已有印章重复，如需申请请直接引用！”
4、外部企业证书申请、查看页面[印章信息]区域加红字提示“此处仅显示本人申请的印章，如需使用组织已有印章，请“添加组织已有印章”后申请使用。”
5、外部企业证书申请、查看页面【添加印章】弹窗字段名称“新增印张图片名称”改为“新增印章名称”",,UIUE,我的待办/CA用户配置- 企业证书,我的待办/CA用户配置- 企业证书,UIUE,L3,验证“添加新印章”弹框展示,"1.申请人收到企业证书申请待办
2. 该合作单位有其他申请完成的企业章",1.点击待办进入详细页面，点击按钮“添加新印章”,"1.弹出添加印章弹框
2.弹框展示：新增印章名称、新增印章图片，上传按钮，取消、确定按钮",通过,成亚珍,UAT,
9506,"【背景】PMS现状：内外部企业证书同组织共用，根据证书申请人组织信息带出所属组织下所有的企业印章，河北公司反馈不符合管理要求及实际业务场景
【需求】需要根据证书申请人隔离企业证书
【方案】
1、外部企业证书申请人填报、查看页面、及文件用印调整为默认根据登录人本人申请的证书信息带出企业章；
2、支持外部用户在企业证书申请、查看时点击【添加组织已有印章】添加本人所属单位下的所有已生效印章，并发起申请
3、【添加新印章】时校验当前合作单位下是否有重复的在途或已生效印章名称，存在时提示失败：“您添加的印章名称与组织已有印章重复，如需申请请直接引用！”
4、外部企业证书申请、查看页面[印章信息]区域加红字提示“此处仅显示本人申请的印章，如需使用组织已有印章，请“添加组织已有印章”后申请使用。”
5、外部企业证书申请、查看页面【添加印章】弹窗字段名称“新增印张图片名称”改为“新增印章名称”",,功能,我的待办/CA用户配置- 企业证书,我的待办/CA用户配置- 企业证书,名称重复,L3,验证“添加新印章”名称重复,"1.申请人收到企业证书申请待办
2. 该合作单位有其他申请完成的企业章
",1.点击待办进入详细页面，点击按钮“添加新印章”，在弹框的名称输入已经申请成功的印章的名称，点击确定按钮,1.弹出提示”“您添加的印章名称与组织已有印章重复，如需申请请直接引用！”,通过,成亚珍,UAT,
9506,"【背景】PMS现状：内外部企业证书同组织共用，根据证书申请人组织信息带出所属组织下所有的企业印章，河北公司反馈不符合管理要求及实际业务场景
【需求】需要根据证书申请人隔离企业证书
【方案】
1、外部企业证书申请人填报、查看页面、及文件用印调整为默认根据登录人本人申请的证书信息带出企业章；
2、支持外部用户在企业证书申请、查看时点击【添加组织已有印章】添加本人所属单位下的所有已生效印章，并发起申请
3、【添加新印章】时校验当前合作单位下是否有重复的在途或已生效印章名称，存在时提示失败：“您添加的印章名称与组织已有印章重复，如需申请请直接引用！”
4、外部企业证书申请、查看页面[印章信息]区域加红字提示“此处仅显示本人申请的印章，如需使用组织已有印章，请“添加组织已有印章”后申请使用。”
5、外部企业证书申请、查看页面【添加印章】弹窗字段名称“新增印张图片名称”改为“新增印章名称”",,功能,我的待办/CA用户配置- 企业证书,我的待办/CA用户配置- 企业证书,名称重复,L3,验证“添加新印章”名称重复,"1.申请人收到企业证书申请待办
2. 该合作单位有其他申请完成的企业章
",1.点击待办进入详细页面，点击按钮“添加新印章”，在弹框的名称输入正在申请中的印章的名称，点击确定按钮,1.弹出提示”“您添加的印章名称与组织已有印章重复，如需申请请直接引用！”,通过,成亚珍,UAT,
9506,"【背景】PMS现状：内外部企业证书同组织共用，根据证书申请人组织信息带出所属组织下所有的企业印章，河北公司反馈不符合管理要求及实际业务场景
【需求】需要根据证书申请人隔离企业证书
【方案】
1、外部企业证书申请人填报、查看页面、及文件用印调整为默认根据登录人本人申请的证书信息带出企业章；
2、支持外部用户在企业证书申请、查看时点击【添加组织已有印章】添加本人所属单位下的所有已生效印章，并发起申请
3、【添加新印章】时校验当前合作单位下是否有重复的在途或已生效印章名称，存在时提示失败：“您添加的印章名称与组织已有印章重复，如需申请请直接引用！”
4、外部企业证书申请、查看页面[印章信息]区域加红字提示“此处仅显示本人申请的印章，如需使用组织已有印章，请“添加组织已有印章”后申请使用。”
5、外部企业证书申请、查看页面【添加印章】弹窗字段名称“新增印张图片名称”改为“新增印章名称”",,功能,我的待办/CA用户配置- 企业证书,我的待办/CA用户配置- 企业证书,添加,L3,验证“添加新印章”成功,"1.申请人收到企业证书申请待办
2. 该合作单位有其他申请完成的企业章
",1.点击待办进入详细页面，点击按钮“添加新印章”，在弹框的名称输入不重复的印章的名称，点击确定按钮,1.添加印章成功,通过,成亚珍,UAT,
9506,"【背景】PMS现状：内外部企业证书同组织共用，根据证书申请人组织信息带出所属组织下所有的企业印章，河北公司反馈不符合管理要求及实际业务场景
【需求】需要根据证书申请人隔离企业证书
【方案】
1、外部企业证书申请人填报、查看页面、及文件用印调整为默认根据登录人本人申请的证书信息带出企业章；
2、支持外部用户在企业证书申请、查看时点击【添加组织已有印章】添加本人所属单位下的所有已生效印章，并发起申请
3、【添加新印章】时校验当前合作单位下是否有重复的在途或已生效印章名称，存在时提示失败：“您添加的印章名称与组织已有印章重复，如需申请请直接引用！”
4、外部企业证书申请、查看页面[印章信息]区域加红字提示“此处仅显示本人申请的印章，如需使用组织已有印章，请“添加组织已有印章”后申请使用。”
5、外部企业证书申请、查看页面【添加印章】弹窗字段名称“新增印张图片名称”改为“新增印章名称”",,UIUE,我的待办/CA用户配置- 企业证书,我的待办/CA用户配置- 企业证书,UIUE,L3,验证企业证书申请页面文案展示,"1.申请人收到企业证书申请待办
2. 该合作单位有其他申请完成的企业章
",1.点击待办进入详细页面，检查印章信息一行后面展示的文案,1.红色字体提示：此处仅显示本人申请的印章，如需使用组织已有印章，请“添加组织已有印章”后申请使用。,通过,成亚珍,UAT,
9506,"【背景】PMS现状：内外部企业证书同组织共用，根据证书申请人组织信息带出所属组织下所有的企业印章，河北公司反馈不符合管理要求及实际业务场景
【需求】需要根据证书申请人隔离企业证书
【方案】
1、外部企业证书申请人填报、查看页面、及文件用印调整为默认根据登录人本人申请的证书信息带出企业章；
2、支持外部用户在企业证书申请、查看时点击【添加组织已有印章】添加本人所属单位下的所有已生效印章，并发起申请
3、【添加新印章】时校验当前合作单位下是否有重复的在途或已生效印章名称，存在时提示失败：“您添加的印章名称与组织已有印章重复，如需申请请直接引用！”
4、外部企业证书申请、查看页面[印章信息]区域加红字提示“此处仅显示本人申请的印章，如需使用组织已有印章，请“添加组织已有印章”后申请使用。”
5、外部企业证书申请、查看页面【添加印章】弹窗字段名称“新增印张图片名称”改为“新增印章名称”",,UIUE,我的待办/CA用户配置- 企业证书,我的待办/CA用户配置- 企业证书,UIUE,L3,验证“添加新印章”弹框的字段名称,"1.申请人收到企业证书申请待办
2. 该合作单位有其他申请完成的企业章
",1.点击待办进入详细页面，点击按钮“添加新印章”，检查弹框的字段名称,1.字段名称“新增印张图片名称”改为“新增印章名称”,通过,成亚珍,UAT,
9548,合作单位综合员或项目部负责人维护本单位人员信息时，给人员添加签章权限区域，CA证书允许同时新增个人证书及企业证书,,功能,合作单位人员管理 -人员信息,人员信息,同时添加个人证书和企业证书,L1,验证综合员可以同时申请个人证书和企业证书,1.综合员登录,1.在人员信息页面点击编辑按钮，跳转至人员信息详细页面，同时添加个人证书和企业证书，点击保存,1.保存成功，该人员收到2条申请证书待办,通过,成亚珍,UAT,
9548,合作单位综合员或项目部负责人维护本单位人员信息时，给人员添加签章权限区域，CA证书允许同时新增个人证书及企业证书,,功能,合作单位人员管理 -人员信息,人员信息,不能同时添加2个个人证书,L1,验证综合员可以同时申请个人证书和企业证书,1.综合员登录,1.在人员信息页面点击编辑按钮，跳转至人员信息详细页面，同时添加2个个人证书,1.不能勾选2个个人证书,通过,成亚珍,UAT,
9548,合作单位综合员或项目部负责人维护本单位人员信息时，给人员添加签章权限区域，CA证书允许同时新增个人证书及企业证书,,功能,合作单位人员管理 -人员信息,人员信息,不能同时添加2个企业证书,L1,验证综合员可以同时申请个人证书和企业证书,1.综合员登录,1.在人员信息页面点击编辑按钮，跳转至人员信息详细页面，同时添加2个企业证书,1.不能勾选2个企业证书,通过,成亚珍,UAT,
9548,合作单位综合员或项目部负责人维护本单位人员信息时，给人员添加签章权限区域，CA证书允许同时新增个人证书及企业证书,,UIUE,合作单位人员管理 -人员信息,人员信息,列表,L2,验证综合员可以同时申请个人证书和企业证书,1.综合员登录，添加CA证书后,1.点击保存，查看列表,1.保存成功后，证书展示2个证书，状态申请人补充资料,通过,成亚珍,UAT,
9548,合作单位综合员或项目部负责人维护本单位人员信息时，给人员添加签章权限区域，CA证书允许同时新增个人证书及企业证书,,UIUE,合作单位人员管理 -人员信息,人员信息,列表,L2,验证综合员可以同时申请个人证书和企业证书,1.项目部负责人登录，添加CA证书后,1.点击保存，查看列表,1.保存成功后，证书展示2个证书，状态申请人补充资料,通过,成亚珍,UAT,
9548,合作单位综合员或项目部负责人维护本单位人员信息时，给人员添加签章权限区域，CA证书允许同时新增个人证书及企业证书,,功能,合作单位人员管理 -人员信息,人员信息,同时添加个人证书和企业证书,L1,验证综合员可以同时申请个人证书和企业证书,1.项目部负责人登录,1.在人员信息页面点击编辑按钮，跳转至人员信息详细页面，同时添加个人证书和企业证书，点击保存,1.保存成功，该人员收到2条申请证书待办,通过,成亚珍,UAT,
9548,合作单位综合员或项目部负责人维护本单位人员信息时，给人员添加签章权限区域，CA证书允许同时新增个人证书及企业证书,,功能,合作单位人员管理 -人员信息,人员信息,不能同时添加2个个人证书,L1,验证综合员可以同时申请个人证书和企业证书,1.项目部负责人登录,1.在人员信息页面点击编辑按钮，跳转至人员信息详细页面，同时添加2个个人证书,1.不能勾选2个个人证书,通过,成亚珍,UAT,
9548,合作单位综合员或项目部负责人维护本单位人员信息时，给人员添加签章权限区域，CA证书允许同时新增个人证书及企业证书,,功能,合作单位人员管理 -人员信息,人员信息,不能同时添加2个企业证书,L1,验证综合员可以同时申请个人证书和企业证书,1.项目部负责人登录,1.在人员信息页面点击编辑按钮，跳转至人员信息详细页面，同时添加2个企业证书,1.不能勾选2个企业证书,通过,成亚珍,UAT,
9548,合作单位综合员或项目部负责人维护本单位人员信息时，给人员添加签章权限区域，CA证书允许同时新增个人证书及企业证书,,功能,合作单位人员管理 -人员信息,人员信息,同时添加个人证书和企业证书,L1,验证综合员可以同时申请个人证书和企业证书,1.即使项目部负责人，也是综合员,1.在人员信息页面点击编辑页面，同时添加个人证书和企业证书，点击保存,1.保存成功，该人员收到2条申请证书待办,通过,成亚珍,UAT,
9548,合作单位综合员或项目部负责人维护本单位人员信息时，给人员添加签章权限区域，CA证书允许同时新增个人证书及企业证书,,功能,合作单位人员管理 -人员信息,人员信息,不能同时添加2个个人证书,L1,验证综合员可以同时申请个人证书和企业证书,1.即使项目部负责人，也是综合员,1.在人员信息页面点击编辑按钮，跳转至人员信息详细页面，同时添加2个个人证书,1.不能勾选2个个人证书,通过,成亚珍,UAT,
9548,合作单位综合员或项目部负责人维护本单位人员信息时，给人员添加签章权限区域，CA证书允许同时新增个人证书及企业证书,,功能,合作单位人员管理 -人员信息,人员信息,不能同时添加2个企业证书,L1,验证综合员可以同时申请个人证书和企业证书,1.即使项目部负责人，也是综合员,1.在人员信息页面点击编辑按钮，跳转至人员信息详细页面，同时添加2个企业证书,1.不能勾选2个企业证书,通过,成亚珍,UAT,
9551,"【需求】：企业证书的印章图片允许替换
【方案描述】：
1、已申请成功的企业证书菜单页面，新增“替换印章”按钮。
2、印章图片，新增勾选框，勾选后，点击“替换印章”按钮，显示弹窗，重新上传新的印章图片，
3、替换印章名称必须与原印章一致，不可修改
4、只可替换本人上传的印章，印章替换信息在当前合作单位下全局生效",,UIUE,CA用户配置 -企业证书 ,企业证书 ,按钮,L2,验证企业证书查看页面，展示4个按钮,1.企业证书申请成功,"1.在企业证书查看页面,检查按钮展示",1.展示：添加新印章、添加组织已有印章、替换印章,通过,成亚珍,UAT,
9551,"【需求】：企业证书的印章图片允许替换
【方案描述】：
1、已申请成功的企业证书菜单页面，新增“替换印章”按钮。
2、印章图片，新增勾选框，勾选后，点击“替换印章”按钮，显示弹窗，重新上传新的印章图片，
3、替换印章名称必须与原印章一致，不可修改
4、只可替换本人上传的印章，印章替换信息在当前合作单位下全局生效",,逻辑,CA用户配置 -企业证书 ,企业证书 ,印章展示,L2,验证企业证书查看页面印章展示逻辑,1.企业证书申请成功,"1.在企业证书查看页面,检查印章展示",1.默认加载本人申请的所有印章信息,通过,成亚珍,UAT,
9551,"【需求】：企业证书的印章图片允许替换
【方案描述】：
1、已申请成功的企业证书菜单页面，新增“替换印章”按钮。
2、印章图片，新增勾选框，勾选后，点击“替换印章”按钮，显示弹窗，重新上传新的印章图片，
3、替换印章名称必须与原印章一致，不可修改
4、只可替换本人上传的印章，印章替换信息在当前合作单位下全局生效",,功能+逻辑,CA用户配置 -企业证书 ,企业证书 ,替换印章,L1,验证企业证书替换印章功能,1.企业证书申请成功,"1.在企业证书查看页面,勾选已经申请成功的印章，点击“替换印章”按钮",1.显示弹窗，重新上传新的印章图片，确定后，之前的印章直接贝替换，展示新的印章,通过,成亚珍,UAT,
9551,"【需求】：企业证书的印章图片允许替换
【方案描述】：
1、已申请成功的企业证书菜单页面，新增“替换印章”按钮。
2、印章图片，新增勾选框，勾选后，点击“替换印章”按钮，显示弹窗，重新上传新的印章图片，
3、替换印章名称必须与原印章一致，不可修改
4、只可替换本人上传的印章，印章替换信息在当前合作单位下全局生效",,功能+逻辑,CA用户配置 -企业证书 ,企业证书 ,替换印章,L2,验证企业证书替换印章功能,1.企业证书申请成功,"1.在企业证书查看页面,勾选已经申请成功的印章，点击“替换印章”按钮",1.显示弹窗，印章名称不可编辑,通过,成亚珍,UAT,
9551,"【需求】：企业证书的印章图片允许替换
【方案描述】：
1、已申请成功的企业证书菜单页面，新增“替换印章”按钮。
2、印章图片，新增勾选框，勾选后，点击“替换印章”按钮，显示弹窗，重新上传新的印章图片，
3、替换印章名称必须与原印章一致，不可修改
4、只可替换本人上传的印章，印章替换信息在当前合作单位下全局生效",,功能+逻辑,CA用户配置 -企业证书 ,企业证书 ,替换印章,L2,验证企业证书替换印章功能,1.企业证书申请成功,"1.在企业证书查看页面,勾选多个已经申请成功的印章，点击“替换印章”按钮",1.弹出提示”一次只能替换一个印章”,通过,成亚珍,UAT,
9551,"【需求】：企业证书的印章图片允许替换
【方案描述】：
1、已申请成功的企业证书菜单页面，新增“替换印章”按钮。
2、印章图片，新增勾选框，勾选后，点击“替换印章”按钮，显示弹窗，重新上传新的印章图片，
3、替换印章名称必须与原印章一致，不可修改
4、只可替换本人上传的印章，印章替换信息在当前合作单位下全局生效",,逻辑,CA用户配置 -企业证书 ,企业证书 ,替换印章,L1,验证企业证书替换印章逻辑,1.企业证书申请成功,"1.在企业证书查看页面,勾选非本人上传的印章，点击替换印章按钮",1.不可替换印章，弹出提示,通过,成亚珍,UAT,
9551,"【需求】：企业证书的印章图片允许替换
【方案描述】：
1、已申请成功的企业证书菜单页面，新增“替换印章”按钮。
2、印章图片，新增勾选框，勾选后，点击“替换印章”按钮，显示弹窗，重新上传新的印章图片，
3、替换印章名称必须与原印章一致，不可修改
4、只可替换本人上传的印章，印章替换信息在当前合作单位下全局生效",,逻辑,CA用户配置 -企业证书 ,企业证书 ,替换印章,L1,验证企业证书替换印章逻辑,1.企业证书申请成功,"1.在企业证书查看页面,勾选本人上传的印章，点击替换印章按钮",1.可替换印章,通过,成亚珍,UAT,
9557,"1、企业证书支持设置“默认印章”，默认用户第一个上传的印章作为默认印章，允许手工调整；
2、默认印章同时间只允许有一个，当其他印章被设为“默认印章”时原先的默认印章自动转为非默认；
3、当原有默认印章被删除/作废时按上传时间顺序查找剩余印章中上传时间最早的印章默认为“默认印章”；
4、接口同步默认印章信息至签章平台，用户签章时默认印章排在第一位，默认使用“默认印章”",,功能+UIUE,我的待办/CA查看页面,我的待办/CA查看页面,默认印章,L2,验证企业证书申请详细页面不展示默认印章,"1.申请人收到企业证书申请待办
2. 该用户没有上传印章
",1.在企业证书申请详细页面,1.页面不展示默认印章,通过,成亚珍,UAT,
9557,"1、企业证书支持设置“默认印章”，默认用户第一个上传的印章作为默认印章，允许手工调整；
2、默认印章同时间只允许有一个，当其他印章被设为“默认印章”时原先的默认印章自动转为非默认；
3、当原有默认印章被删除/作废时按上传时间顺序查找剩余印章中上传时间最早的印章默认为“默认印章”；
4、接口同步默认印章信息至签章平台，用户签章时默认印章排在第一位，默认使用“默认印章”",,功能+UIUE,我的待办/CA查看页面,我的待办/CA查看页面,默认印章,L2,验证企业证书申请详细页面展示默认印章,"1.申请人收到企业证书申请待办
2. 该用户上传第一张印章
",1.在企业证书申请详细页面,1.第一个上传的印章作为默认印章，右上角绿色字体展示,通过,成亚珍,UAT,
9557,"1、企业证书支持设置“默认印章”，默认用户第一个上传的印章作为默认印章，允许手工调整；
2、默认印章同时间只允许有一个，当其他印章被设为“默认印章”时原先的默认印章自动转为非默认；
3、当原有默认印章被删除/作废时按上传时间顺序查找剩余印章中上传时间最早的印章默认为“默认印章”；
4、接口同步默认印章信息至签章平台，用户签章时默认印章排在第一位，默认使用“默认印章”",,功能+UIUE,我的待办/CA查看页面,我的待办/CA查看页面,默认印章,L2,验证企业证书申请详细页面展示默认印章,"1.申请人收到企业证书申请待办
2. 该用户上传多张印章
",1.在企业证书申请详细页面，点击灰色按钮“设为默认章”（只能设置一个默认印章）,1.该印章被设为“默认印章”，原先的默认印章自动转为非默认,通过,成亚珍,UAT,
9557,"1、企业证书支持设置“默认印章”，默认用户第一个上传的印章作为默认印章，允许手工调整；
2、默认印章同时间只允许有一个，当其他印章被设为“默认印章”时原先的默认印章自动转为非默认；
3、当原有默认印章被删除/作废时按上传时间顺序查找剩余印章中上传时间最早的印章默认为“默认印章”；
4、接口同步默认印章信息至签章平台，用户签章时默认印章排在第一位，默认使用“默认印章”",,功能+UIUE,我的待办/CA查看页面,我的待办/CA查看页面,默认印章,L2,验证企业证书申请详细页面展示默认印章,"1.申请人收到企业证书申请待办
2. 该用户上传多张印章
",1.在企业证书申请详细页面，删除默认印章,1.系统会按上传时间顺序查找剩余印章中上传时间最早的印章默认为“默认印章”,通过,成亚珍,UAT,
9557,"1、企业证书支持设置“默认印章”，默认用户第一个上传的印章作为默认印章，允许手工调整；
2、默认印章同时间只允许有一个，当其他印章被设为“默认印章”时原先的默认印章自动转为非默认；
3、当原有默认印章被删除/作废时按上传时间顺序查找剩余印章中上传时间最早的印章默认为“默认印章”；
4、接口同步默认印章信息至签章平台，用户签章时默认印章排在第一位，默认使用“默认印章”",,功能+UIUE,我的待办/CA查看页面,我的待办/CA查看页面,默认印章,L2,验证企业证书申请详细页面展示默认印章,"1.申请人收到企业证书申请待办
2. 该用户上传1张印章
",1.在企业证书申请详细页面，删除默认印章,1.页面没有签章，也不会有默认签章,通过,成亚珍,UAT,
9557,"1、企业证书支持设置“默认印章”，默认用户第一个上传的印章作为默认印章，允许手工调整；
2、默认印章同时间只允许有一个，当其他印章被设为“默认印章”时原先的默认印章自动转为非默认；
3、当原有默认印章被删除/作废时按上传时间顺序查找剩余印章中上传时间最早的印章默认为“默认印章”；
4、接口同步默认印章信息至签章平台，用户签章时默认印章排在第一位，默认使用“默认印章”",,功能+UIUE,我的待办/CA查看页面,我的待办/CA查看页面,默认印章,L2,验证企业证书申请详细页面展示默认印章,"1.申请人收到企业证书申请待办
2. 该用户上传1张印章
",1.在企业证书申请详细页面，设置默认印章，提交审批，查看审批页面,1.默认印章展示正确,通过,成亚珍,UAT,
9557,"1、企业证书支持设置“默认印章”，默认用户第一个上传的印章作为默认印章，允许手工调整；
2、默认印章同时间只允许有一个，当其他印章被设为“默认印章”时原先的默认印章自动转为非默认；
3、当原有默认印章被删除/作废时按上传时间顺序查找剩余印章中上传时间最早的印章默认为“默认印章”；
4、接口同步默认印章信息至签章平台，用户签章时默认印章排在第一位，默认使用“默认印章”",,功能+UIUE,我的待办/CA查看页面,我的待办/CA查看页面,默认印章,L2,验证企业证书申请详细页面展示默认印章,"1.申请人收到企业证书申请待办
2. 该用户上传1张印章
",1.检查CA企业证书查看页面,1.默认印章展示正确,通过,成亚珍,UAT,
9557,"1、企业证书支持设置“默认印章”，默认用户第一个上传的印章作为默认印章，允许手工调整；
2、默认印章同时间只允许有一个，当其他印章被设为“默认印章”时原先的默认印章自动转为非默认；
3、当原有默认印章被删除/作废时按上传时间顺序查找剩余印章中上传时间最早的印章默认为“默认印章”；
4、接口同步默认印章信息至签章平台，用户签章时默认印章排在第一位，默认使用“默认印章”",,功能+逻辑,我的待办/CA查看页面,我的待办/CA查看页面,默认印章,L2,验证默认印章同步到签章平台,"1.申请人收到企业证书申请待办
2. 该用户上传1张或多张印章
",1.在企业证书申请详细页面，检查默认印章同步到签章平台,1.在签章平台进行签章，会使用默认印章,通过,成亚珍,UAT,
9577,"1、合作单位-合作单位人员管理菜单下新增[CA用户列表]功能；
2、合作单位电子签章管理员、综合员、项目部负责人可查看本单位所有CA用户列表及其证书详情；
3、协助复制当前功能至内部[系统管理-CA用户管理]菜单下，省公司系统管理员、合作单位管理员可查看本省关联合作单位所有CA用户列表及其证书详情。",,功能+逻辑,合作单位人员管理-CA用户管理-CA用户列表,CA用户列表（外部）,列表,L2,验证CA用户列表数据,1.合作单位综合员、项目部负责人、电子签章管理员登录,1.在CA用户列表页面，检查列表数据,1.加载本单位CA用户信息,通过,成亚珍,UAT,
9577,"1、合作单位-合作单位人员管理菜单下新增[CA用户列表]功能；
2、合作单位电子签章管理员、综合员、项目部负责人可查看本单位所有CA用户列表及其证书详情；
3、协助复制当前功能至内部[系统管理-CA用户管理]菜单下，省公司系统管理员、合作单位管理员可查看本省关联合作单位所有CA用户列表及其证书详情。",,功能,合作单位人员管理-CA用户管理-CA用户列表,CA用户列表（外部）,查询字段,L2,验证CA用户列表页面查询字段,1.合作单位综合员、项目部负责人、电子签章管理员登录,1.在CA用户列表页面，检查查询字段,"1.合作单位名称,自动带出
2.用户,文本框输入
3.证书状态，下拉框，枚举值：4种(直接取页面状态，不要写死)
4.CA用户类型，下拉框，枚举值：个人、企业
5.签章角色，文本框输入",通过,成亚珍,UAT,
9577,"1、合作单位-合作单位人员管理菜单下新增[CA用户列表]功能；
2、合作单位电子签章管理员、综合员、项目部负责人可查看本单位所有CA用户列表及其证书详情；
3、协助复制当前功能至内部[系统管理-CA用户管理]菜单下，省公司系统管理员、合作单位管理员可查看本省关联合作单位所有CA用户列表及其证书详情。",,功能,合作单位人员管理-CA用户管理-CA用户列表,CA用户列表（外部）,查询,L1,验证CA用户列表页面查询功能,1.合作单位综合员、项目部负责人、电子签章管理员登录,1.在CA用户列表页面，用户输入框输入模糊内容，点击查询按钮,1.列表展示内容和输入条件一致,通过,成亚珍,UAT,
9577,"1、合作单位-合作单位人员管理菜单下新增[CA用户列表]功能；
2、合作单位电子签章管理员、综合员、项目部负责人可查看本单位所有CA用户列表及其证书详情；
3、协助复制当前功能至内部[系统管理-CA用户管理]菜单下，省公司系统管理员、合作单位管理员可查看本省关联合作单位所有CA用户列表及其证书详情。",,功能,合作单位人员管理-CA用户管理-CA用户列表,CA用户列表（外部）,查询,L1,验证CA用户列表页面查询功能,1.合作单位综合员、项目部负责人、电子签章管理员登录,1.在CA用户列表页面，用户输入框输入精确内容，点击查询按钮,1.列表展示内容和输入条件一致,通过,成亚珍,UAT,
9577,"1、合作单位-合作单位人员管理菜单下新增[CA用户列表]功能；
2、合作单位电子签章管理员、综合员、项目部负责人可查看本单位所有CA用户列表及其证书详情；
3、协助复制当前功能至内部[系统管理-CA用户管理]菜单下，省公司系统管理员、合作单位管理员可查看本省关联合作单位所有CA用户列表及其证书详情。",,功能,合作单位人员管理-CA用户管理-CA用户列表,CA用户列表（外部）,查询,L1,验证CA用户列表页面查询功能,1.合作单位综合员、项目部负责人、电子签章管理员登录,1.在CA用户列表页面，用户输入框输入过长（50汉字）内容，点击查询按钮,1.超过限制，不可输入,通过,成亚珍,UAT,
9577,"1、合作单位-合作单位人员管理菜单下新增[CA用户列表]功能；
2、合作单位电子签章管理员、综合员、项目部负责人可查看本单位所有CA用户列表及其证书详情；
3、协助复制当前功能至内部[系统管理-CA用户管理]菜单下，省公司系统管理员、合作单位管理员可查看本省关联合作单位所有CA用户列表及其证书详情。",,功能,合作单位人员管理-CA用户管理-CA用户列表,CA用户列表（外部）,查询,L1,验证CA用户列表页面查询功能,1.合作单位综合员、项目部负责人、电子签章管理员登录,1.在CA用户列表页面，签章角色输入框输入模糊内容，点击查询按钮,1.列表展示内容和输入条件一致,通过,成亚珍,UAT,
9577,"1、合作单位-合作单位人员管理菜单下新增[CA用户列表]功能；
2、合作单位电子签章管理员、综合员、项目部负责人可查看本单位所有CA用户列表及其证书详情；
3、协助复制当前功能至内部[系统管理-CA用户管理]菜单下，省公司系统管理员、合作单位管理员可查看本省关联合作单位所有CA用户列表及其证书详情。",,功能,合作单位人员管理-CA用户管理-CA用户列表,CA用户列表（外部）,查询,L1,验证CA用户列表页面查询功能,1.合作单位综合员、项目部负责人、电子签章管理员登录,1.在CA用户列表页面，签章角色输入框输入精确内容，点击查询按钮,1.列表展示内容和输入条件一致,通过,成亚珍,UAT,
9577,"1、合作单位-合作单位人员管理菜单下新增[CA用户列表]功能；
2、合作单位电子签章管理员、综合员、项目部负责人可查看本单位所有CA用户列表及其证书详情；
3、协助复制当前功能至内部[系统管理-CA用户管理]菜单下，省公司系统管理员、合作单位管理员可查看本省关联合作单位所有CA用户列表及其证书详情。",,功能,合作单位人员管理-CA用户管理-CA用户列表,CA用户列表（外部）,查询,L1,验证CA用户列表页面查询功能,1.合作单位综合员、项目部负责人、电子签章管理员登录,1.在CA用户列表页面，签章角色输入框输入过长（长度？50汉字）内容，点击查询按钮,1.超过限制，不可输入,通过,成亚珍,UAT,
9577,"1、合作单位-合作单位人员管理菜单下新增[CA用户列表]功能；
2、合作单位电子签章管理员、综合员、项目部负责人可查看本单位所有CA用户列表及其证书详情；
3、协助复制当前功能至内部[系统管理-CA用户管理]菜单下，省公司系统管理员、合作单位管理员可查看本省关联合作单位所有CA用户列表及其证书详情。",,功能,合作单位人员管理-CA用户管理-CA用户列表,CA用户列表（外部）,查询,L1,验证CA用户列表页面查询功能,1.合作单位综合员、项目部负责人、电子签章管理员登录,1.在CA用户列表页面，证书状态选择枚举值申请成功，点击查询,1.列表展示申请成功的证书,通过,成亚珍,UAT,
9577,"1、合作单位-合作单位人员管理菜单下新增[CA用户列表]功能；
2、合作单位电子签章管理员、综合员、项目部负责人可查看本单位所有CA用户列表及其证书详情；
3、协助复制当前功能至内部[系统管理-CA用户管理]菜单下，省公司系统管理员、合作单位管理员可查看本省关联合作单位所有CA用户列表及其证书详情。",,功能,合作单位人员管理-CA用户管理-CA用户列表,CA用户列表（外部）,查询,L1,验证CA用户列表页面查询功能,1.合作单位综合员、项目部负责人、电子签章管理员登录,1.在CA用户列表页面，证书状态选择枚举值申请人补充资料，点击查询,1.列表展示申请人补充资料的证书,通过,成亚珍,UAT,
9577,"1、合作单位-合作单位人员管理菜单下新增[CA用户列表]功能；
2、合作单位电子签章管理员、综合员、项目部负责人可查看本单位所有CA用户列表及其证书详情；
3、协助复制当前功能至内部[系统管理-CA用户管理]菜单下，省公司系统管理员、合作单位管理员可查看本省关联合作单位所有CA用户列表及其证书详情。",,功能,合作单位人员管理-CA用户管理-CA用户列表,CA用户列表（外部）,查询,L1,验证CA用户列表页面查询功能,1.合作单位综合员、项目部负责人、电子签章管理员登录,1.在CA用户列表页面，证书状态选择枚举值申请资料审核中，点击查询,1.列表展示申请资料审核中的证书,通过,成亚珍,UAT,
9577,"1、合作单位-合作单位人员管理菜单下新增[CA用户列表]功能；
2、合作单位电子签章管理员、综合员、项目部负责人可查看本单位所有CA用户列表及其证书详情；
3、协助复制当前功能至内部[系统管理-CA用户管理]菜单下，省公司系统管理员、合作单位管理员可查看本省关联合作单位所有CA用户列表及其证书详情。",,功能,合作单位人员管理-CA用户管理-CA用户列表,CA用户列表（外部）,查询,L1,验证CA用户列表页面查询功能,1.合作单位综合员、项目部负责人、电子签章管理员登录,1.在CA用户列表页面，证书状态选择枚举值证书申请中，点击查询,1.列表展示证书申请中证书,通过,成亚珍,UAT,
9577,"1、合作单位-合作单位人员管理菜单下新增[CA用户列表]功能；
2、合作单位电子签章管理员、综合员、项目部负责人可查看本单位所有CA用户列表及其证书详情；
3、协助复制当前功能至内部[系统管理-CA用户管理]菜单下，省公司系统管理员、合作单位管理员可查看本省关联合作单位所有CA用户列表及其证书详情。",,功能,合作单位人员管理-CA用户管理-CA用户列表,CA用户列表（外部）,查询,L1,验证CA用户列表页面查询功能,1.合作单位综合员、项目部负责人、电子签章管理员登录,1.在CA用户列表页面，CA用户类型选择枚举值个人，点击查询,1.列表展示个人证书,通过,成亚珍,UAT,
9577,"1、合作单位-合作单位人员管理菜单下新增[CA用户列表]功能；
2、合作单位电子签章管理员、综合员、项目部负责人可查看本单位所有CA用户列表及其证书详情；
3、协助复制当前功能至内部[系统管理-CA用户管理]菜单下，省公司系统管理员、合作单位管理员可查看本省关联合作单位所有CA用户列表及其证书详情。",,功能,合作单位人员管理-CA用户管理-CA用户列表,CA用户列表（外部）,查询,L1,验证CA用户列表页面查询功能,1.合作单位综合员、项目部负责人、电子签章管理员登录,1.在CA用户列表页面，CA用户类型选择枚举值企业，点击查询,1.列表展示企业证书,通过,成亚珍,UAT,
9577,"1、合作单位-合作单位人员管理菜单下新增[CA用户列表]功能；
2、合作单位电子签章管理员、综合员、项目部负责人可查看本单位所有CA用户列表及其证书详情；
3、协助复制当前功能至内部[系统管理-CA用户管理]菜单下，省公司系统管理员、合作单位管理员可查看本省关联合作单位所有CA用户列表及其证书详情。",,功能,合作单位人员管理-CA用户管理-CA用户列表,CA用户列表（外部）,查询,L1,验证CA用户列表页面查询功能,1.合作单位综合员、项目部负责人、电子签章管理员登录,1.在CA用户列表页面，输入多种查询条件，点击查询,1.展示内容正确，和查询条件一致,通过,成亚珍,UAT,
9577,"1、合作单位-合作单位人员管理菜单下新增[CA用户列表]功能；
2、合作单位电子签章管理员、综合员、项目部负责人可查看本单位所有CA用户列表及其证书详情；
3、协助复制当前功能至内部[系统管理-CA用户管理]菜单下，省公司系统管理员、合作单位管理员可查看本省关联合作单位所有CA用户列表及其证书详情。",,功能,合作单位人员管理-CA用户管理-CA用户列表,CA用户列表（外部）,查询,L1,验证CA用户列表页面查询功能,1.合作单位综合员、项目部负责人、电子签章管理员登录,1.在CA用户列表页面，输入多种查询条件，点击重置,1.清空查询条件,通过,成亚珍,UAT,
9577,"1、合作单位-合作单位人员管理菜单下新增[CA用户列表]功能；
2、合作单位电子签章管理员、综合员、项目部负责人可查看本单位所有CA用户列表及其证书详情；
3、协助复制当前功能至内部[系统管理-CA用户管理]菜单下，省公司系统管理员、合作单位管理员可查看本省关联合作单位所有CA用户列表及其证书详情。",,功能,合作单位人员管理-CA用户管理-CA用户列表,CA用户列表（外部）,查询,L1,验证CA用户列表页面查询功能,1.合作单位综合员、项目部负责人、电子签章管理员登录,1.在CA用户列表页面，输入各种查询条件，点击重置,1.清空查询条件,通过,成亚珍,UAT,
9577,"1、合作单位-合作单位人员管理菜单下新增[CA用户列表]功能；
2、合作单位电子签章管理员、综合员、项目部负责人可查看本单位所有CA用户列表及其证书详情；
3、协助复制当前功能至内部[系统管理-CA用户管理]菜单下，省公司系统管理员、合作单位管理员可查看本省关联合作单位所有CA用户列表及其证书详情。",,UIUE,合作单位人员管理-CA用户管理-CA用户列表,CA用户列表（外部）,列表,L2,验证CA用户列表页面列表展示,1.合作单位综合员、项目部负责人、电子签章管理员登录,1.在CA用户列表页面，检查列表字段,1.序号、用户、登录账号、合作单位名称、CA用户类型、签章角色、证书状态、申请日期、失效日期，操作（查看）,通过,成亚珍,UAT,
9577,"1、合作单位-合作单位人员管理菜单下新增[CA用户列表]功能；
2、合作单位电子签章管理员、综合员、项目部负责人可查看本单位所有CA用户列表及其证书详情；
3、协助复制当前功能至内部[系统管理-CA用户管理]菜单下，省公司系统管理员、合作单位管理员可查看本省关联合作单位所有CA用户列表及其证书详情。",,UIUE,合作单位人员管理-CA用户管理-CA用户列表,CA用户列表（外部）,列表,L2,验证CA用户列表页面列表排序,1.合作单位综合员、项目部负责人、电子签章管理员登录,1.在CA用户列表页面，检查列表排序,1.按照申请日期倒叙排序,通过,成亚珍,UAT,
9577,"1、合作单位-合作单位人员管理菜单下新增[CA用户列表]功能；
2、合作单位电子签章管理员、综合员、项目部负责人可查看本单位所有CA用户列表及其证书详情；
3、协助复制当前功能至内部[系统管理-CA用户管理]菜单下，省公司系统管理员、合作单位管理员可查看本省关联合作单位所有CA用户列表及其证书详情。",,功能+逻辑,合作单位人员管理-CA用户管理-CA用户列表,CA用户列表（外部）,查看,L2,验证CA用户列表页面查看按钮功能,1.合作单位综合员、项目部负责人、电子签章管理员登录,1.在CA用户列表页面，点击列表的查看按钮,1.跳转用户CA证书详情页，页面信息带出正常,通过,成亚珍,UAT,
9577,"1、合作单位-合作单位人员管理菜单下新增[CA用户列表]功能；
2、合作单位电子签章管理员、综合员、项目部负责人可查看本单位所有CA用户列表及其证书详情；
3、协助复制当前功能至内部[系统管理-CA用户管理]菜单下，省公司系统管理员、合作单位管理员可查看本省关联合作单位所有CA用户列表及其证书详情。",,功能,合作单位人员管理-CA用户管理-CA用户列表,CA用户列表（外部）,导出,L2,验证CA用户列表页面导出功能,"1.合作单位综合员、项目部负责人、电子签章管理员登录
2. 不筛选数据",1.在CA用户列表页面，点击列表的导出按钮,1.默认导出用户权限下的全量数据,通过,成亚珍,UAT,
9577,"1、合作单位-合作单位人员管理菜单下新增[CA用户列表]功能；
2、合作单位电子签章管理员、综合员、项目部负责人可查看本单位所有CA用户列表及其证书详情；
3、协助复制当前功能至内部[系统管理-CA用户管理]菜单下，省公司系统管理员、合作单位管理员可查看本省关联合作单位所有CA用户列表及其证书详情。",,功能,合作单位人员管理-CA用户管理-CA用户列表,CA用户列表（外部）,导出,L2,验证CA用户列表页面导出功能,"1.合作单位综合员、项目部负责人、电子签章管理员登录
2. 筛选数据",1.在CA用户列表页面，点击列表的导出按钮,1.导出符合筛选的所有数据,通过,成亚珍,UAT,
9577,"1、合作单位-合作单位人员管理菜单下新增[CA用户列表]功能；
2、合作单位电子签章管理员、综合员、项目部负责人可查看本单位所有CA用户列表及其证书详情；
3、协助复制当前功能至内部[系统管理-CA用户管理]菜单下，省公司系统管理员、合作单位管理员可查看本省关联合作单位所有CA用户列表及其证书详情。",,功能,合作单位人员管理-CA用户管理-CA用户列表,CA用户列表（外部）,导出,L2,验证CA用户列表页面导出功能,"1.合作单位综合员、项目部负责人、电子签章管理员登录
2. 不筛选数据",1.在CA用户列表页面，点击列表的导出按钮，检查导出的响应时间,1.原则上2、5、8s,通过,成亚珍,UAT,
9577,"1、合作单位-合作单位人员管理菜单下新增[CA用户列表]功能；
2、合作单位电子签章管理员、综合员、项目部负责人可查看本单位所有CA用户列表及其证书详情；
3、协助复制当前功能至内部[系统管理-CA用户管理]菜单下，省公司系统管理员、合作单位管理员可查看本省关联合作单位所有CA用户列表及其证书详情。",,功能,合作单位人员管理-CA用户管理-CA用户列表,CA用户列表（外部）,导出,L2,验证CA用户列表页面导出功能,"1.合作单位综合员、项目部负责人、电子签章管理员登录
2. 不筛选数据",1.在CA用户列表页面，点击列表的导出按钮,1.导出的excel数据表内容和列表一致,通过,成亚珍,UAT,
9577,"1、合作单位-合作单位人员管理菜单下新增[CA用户列表]功能；
2、合作单位电子签章管理员、综合员、项目部负责人可查看本单位所有CA用户列表及其证书详情；
3、协助复制当前功能至内部[系统管理-CA用户管理]菜单下，省公司系统管理员、合作单位管理员可查看本省关联合作单位所有CA用户列表及其证书详情。",,功能+逻辑,系统管理-CA用户管理-CA用户列表,CA用户列表（内部）,列表,L2,验证CA用户列表数据,1.合作单位管理员、省公司系统管理员、签章管理员登录,1.在CA用户列表页面，检查列表数据,1.加载本单位CA用户信息,通过,成亚珍,UAT,
9577,"1、合作单位-合作单位人员管理菜单下新增[CA用户列表]功能；
2、合作单位电子签章管理员、综合员、项目部负责人可查看本单位所有CA用户列表及其证书详情；
3、协助复制当前功能至内部[系统管理-CA用户管理]菜单下，省公司系统管理员、合作单位管理员可查看本省关联合作单位所有CA用户列表及其证书详情。",,功能,系统管理-CA用户管理-CA用户列表,CA用户列表（内部）,查询字段,L2,验证CA用户列表页面查询字段,1.合作单位管理员、省公司系统管理员、签章管理员登录,1.在CA用户列表页面，检查查询字段,"1.合作单位名称,文本框输入
2.用户,文本框输入
3.证书状态，下拉框，枚举值：4个
4.CA用户类型，下拉框，枚举值：个人、企业
5.签章角色，文本框输入",通过,成亚珍,UAT,
9577,"1、合作单位-合作单位人员管理菜单下新增[CA用户列表]功能；
2、合作单位电子签章管理员、综合员、项目部负责人可查看本单位所有CA用户列表及其证书详情；
3、协助复制当前功能至内部[系统管理-CA用户管理]菜单下，省公司系统管理员、合作单位管理员可查看本省关联合作单位所有CA用户列表及其证书详情。",,功能,系统管理-CA用户管理-CA用户列表,CA用户列表（内部）,查询,L1,验证CA用户列表页面查询功能,1.合作单位管理员、省公司系统管理员、签章管理员登录,1.在CA用户列表页面，用户输入框输入模糊内容，点击查询按钮,1.列表展示内容和输入条件一致,通过,成亚珍,UAT,
9577,"1、合作单位-合作单位人员管理菜单下新增[CA用户列表]功能；
2、合作单位电子签章管理员、综合员、项目部负责人可查看本单位所有CA用户列表及其证书详情；
3、协助复制当前功能至内部[系统管理-CA用户管理]菜单下，省公司系统管理员、合作单位管理员可查看本省关联合作单位所有CA用户列表及其证书详情。",,功能,系统管理-CA用户管理-CA用户列表,CA用户列表（内部）,查询,L1,验证CA用户列表页面查询功能,1.合作单位管理员、省公司系统管理员、签章管理员登录,1.在CA用户列表页面，用户输入框输入精确内容，点击查询按钮,1.列表展示内容和输入条件一致,通过,成亚珍,UAT,
9577,"1、合作单位-合作单位人员管理菜单下新增[CA用户列表]功能；
2、合作单位电子签章管理员、综合员、项目部负责人可查看本单位所有CA用户列表及其证书详情；
3、协助复制当前功能至内部[系统管理-CA用户管理]菜单下，省公司系统管理员、合作单位管理员可查看本省关联合作单位所有CA用户列表及其证书详情。",,功能,系统管理-CA用户管理-CA用户列表,CA用户列表（内部）,查询,L1,验证CA用户列表页面查询功能,1.合作单位管理员、省公司系统管理员、签章管理员登录,1.在CA用户列表页面，用户输入框输入过长（长度？？）内容，点击查询按钮,1.超过限制，不可输入,通过,成亚珍,UAT,
9577,"1、合作单位-合作单位人员管理菜单下新增[CA用户列表]功能；
2、合作单位电子签章管理员、综合员、项目部负责人可查看本单位所有CA用户列表及其证书详情；
3、协助复制当前功能至内部[系统管理-CA用户管理]菜单下，省公司系统管理员、合作单位管理员可查看本省关联合作单位所有CA用户列表及其证书详情。",,功能,系统管理-CA用户管理-CA用户列表,CA用户列表（内部）,查询,L1,验证CA用户列表页面查询功能,1.合作单位管理员、省公司系统管理员、签章管理员登录,1.在CA用户列表页面，签章角色输入框输入模糊内容，点击查询按钮,1.列表展示内容和输入条件一致,通过,成亚珍,UAT,
9577,"1、合作单位-合作单位人员管理菜单下新增[CA用户列表]功能；
2、合作单位电子签章管理员、综合员、项目部负责人可查看本单位所有CA用户列表及其证书详情；
3、协助复制当前功能至内部[系统管理-CA用户管理]菜单下，省公司系统管理员、合作单位管理员可查看本省关联合作单位所有CA用户列表及其证书详情。",,功能,系统管理-CA用户管理-CA用户列表,CA用户列表（内部）,查询,L1,验证CA用户列表页面查询功能,1.合作单位管理员、省公司系统管理员、签章管理员登录,1.在CA用户列表页面，签章角色输入框输入精确内容，点击查询按钮,1.列表展示内容和输入条件一致,通过,成亚珍,UAT,
9577,"1、合作单位-合作单位人员管理菜单下新增[CA用户列表]功能；
2、合作单位电子签章管理员、综合员、项目部负责人可查看本单位所有CA用户列表及其证书详情；
3、协助复制当前功能至内部[系统管理-CA用户管理]菜单下，省公司系统管理员、合作单位管理员可查看本省关联合作单位所有CA用户列表及其证书详情。",,功能,系统管理-CA用户管理-CA用户列表,CA用户列表（内部）,查询,L1,验证CA用户列表页面查询功能,1.合作单位管理员、省公司系统管理员、签章管理员登录,1.在CA用户列表页面，签章角色输入框输入过长（长度？？）内容，点击查询按钮,1.超过限制，不可输入,通过,成亚珍,UAT,
9577,"1、合作单位-合作单位人员管理菜单下新增[CA用户列表]功能；
2、合作单位电子签章管理员、综合员、项目部负责人可查看本单位所有CA用户列表及其证书详情；
3、协助复制当前功能至内部[系统管理-CA用户管理]菜单下，省公司系统管理员、合作单位管理员可查看本省关联合作单位所有CA用户列表及其证书详情。",,功能,系统管理-CA用户管理-CA用户列表,CA用户列表（内部）,查询,L1,验证CA用户列表页面查询功能,1.合作单位管理员、省公司系统管理员、签章管理员登录,1.在CA用户列表页面，证书状态选择枚举值申请人补充资料，点击查询,1.列表展示申请人补充资料的证书,通过,成亚珍,UAT,
9577,"1、合作单位-合作单位人员管理菜单下新增[CA用户列表]功能；
2、合作单位电子签章管理员、综合员、项目部负责人可查看本单位所有CA用户列表及其证书详情；
3、协助复制当前功能至内部[系统管理-CA用户管理]菜单下，省公司系统管理员、合作单位管理员可查看本省关联合作单位所有CA用户列表及其证书详情。",,功能,系统管理-CA用户管理-CA用户列表,CA用户列表（内部）,查询,L1,验证CA用户列表页面查询功能,1.合作单位管理员、省公司系统管理员、签章管理员登录,1.在CA用户列表页面，证书状态选择枚举值申请成功，点击查询,1.列表展示申请成功的证书,通过,成亚珍,UAT,
9577,"1、合作单位-合作单位人员管理菜单下新增[CA用户列表]功能；
2、合作单位电子签章管理员、综合员、项目部负责人可查看本单位所有CA用户列表及其证书详情；
3、协助复制当前功能至内部[系统管理-CA用户管理]菜单下，省公司系统管理员、合作单位管理员可查看本省关联合作单位所有CA用户列表及其证书详情。",,功能,系统管理-CA用户管理-CA用户列表,CA用户列表（内部）,查询,L1,验证CA用户列表页面查询功能,1.合作单位管理员、省公司系统管理员、签章管理员登录,1.在CA用户列表页面，CA用户类型选择枚举值个人，点击查询,1.列表展示个人证书,通过,成亚珍,UAT,
9577,"1、合作单位-合作单位人员管理菜单下新增[CA用户列表]功能；
2、合作单位电子签章管理员、综合员、项目部负责人可查看本单位所有CA用户列表及其证书详情；
3、协助复制当前功能至内部[系统管理-CA用户管理]菜单下，省公司系统管理员、合作单位管理员可查看本省关联合作单位所有CA用户列表及其证书详情。",,功能,系统管理-CA用户管理-CA用户列表,CA用户列表（内部）,查询,L1,验证CA用户列表页面查询功能,1.合作单位管理员、省公司系统管理员、签章管理员登录,1.在CA用户列表页面，CA用户类型选择枚举值企业，点击查询,1.列表展示企业证书,通过,成亚珍,UAT,
9577,"1、合作单位-合作单位人员管理菜单下新增[CA用户列表]功能；
2、合作单位电子签章管理员、综合员、项目部负责人可查看本单位所有CA用户列表及其证书详情；
3、协助复制当前功能至内部[系统管理-CA用户管理]菜单下，省公司系统管理员、合作单位管理员可查看本省关联合作单位所有CA用户列表及其证书详情。",,功能,系统管理-CA用户管理-CA用户列表,CA用户列表（内部）,查询,L1,验证CA用户列表页面查询功能,1.合作单位管理员、省公司系统管理员、签章管理员登录,1.在CA用户列表页面，输入多种查询条件，点击查询,1.展示内容正确，和查询条件一致,通过,成亚珍,UAT,
9577,"1、合作单位-合作单位人员管理菜单下新增[CA用户列表]功能；
2、合作单位电子签章管理员、综合员、项目部负责人可查看本单位所有CA用户列表及其证书详情；
3、协助复制当前功能至内部[系统管理-CA用户管理]菜单下，省公司系统管理员、合作单位管理员可查看本省关联合作单位所有CA用户列表及其证书详情。",,功能,系统管理-CA用户管理-CA用户列表,CA用户列表（内部）,查询,L1,验证CA用户列表页面查询功能,1.合作单位管理员、省公司系统管理员、签章管理员登录,1.在CA用户列表页面，输入多种查询条件，点击重置,1.清空查询条件,通过,成亚珍,UAT,
9577,"1、合作单位-合作单位人员管理菜单下新增[CA用户列表]功能；
2、合作单位电子签章管理员、综合员、项目部负责人可查看本单位所有CA用户列表及其证书详情；
3、协助复制当前功能至内部[系统管理-CA用户管理]菜单下，省公司系统管理员、合作单位管理员可查看本省关联合作单位所有CA用户列表及其证书详情。",,功能,系统管理-CA用户管理-CA用户列表,CA用户列表（内部）,查询,L1,验证CA用户列表页面查询功能,1.合作单位管理员、省公司系统管理员、签章管理员登录,1.在CA用户列表页面，输入各种查询条件，点击重置,1.清空查询条件,通过,成亚珍,UAT,
9577,"1、合作单位-合作单位人员管理菜单下新增[CA用户列表]功能；
2、合作单位电子签章管理员、综合员、项目部负责人可查看本单位所有CA用户列表及其证书详情；
3、协助复制当前功能至内部[系统管理-CA用户管理]菜单下，省公司系统管理员、合作单位管理员可查看本省关联合作单位所有CA用户列表及其证书详情。",,UIUE,系统管理-CA用户管理-CA用户列表,CA用户列表（内部）,列表,L2,验证CA用户列表页面列表展示,1.合作单位管理员、省公司系统管理员、签章管理员登录,1.在CA用户列表页面，检查列表字段,1.序号、用户、登录账号、合作单位名称、CA用户类型、签章角色、证书状态、申请日期、失效日期，操作（查看）,通过,成亚珍,UAT,
9577,"1、合作单位-合作单位人员管理菜单下新增[CA用户列表]功能；
2、合作单位电子签章管理员、综合员、项目部负责人可查看本单位所有CA用户列表及其证书详情；
3、协助复制当前功能至内部[系统管理-CA用户管理]菜单下，省公司系统管理员、合作单位管理员可查看本省关联合作单位所有CA用户列表及其证书详情。",,UIUE,系统管理-CA用户管理-CA用户列表,CA用户列表（内部）,列表,L2,验证CA用户列表页面列表展示,1.合作单位管理员、省公司系统管理员、签章管理员登录,1.在CA用户列表页面，检查列表排序,1.按照申请日期倒叙排序,通过,成亚珍,UAT,
9577,"1、合作单位-合作单位人员管理菜单下新增[CA用户列表]功能；
2、合作单位电子签章管理员、综合员、项目部负责人可查看本单位所有CA用户列表及其证书详情；
3、协助复制当前功能至内部[系统管理-CA用户管理]菜单下，省公司系统管理员、合作单位管理员可查看本省关联合作单位所有CA用户列表及其证书详情。",,功能+逻辑,系统管理-CA用户管理-CA用户列表,CA用户列表（内部）,查看,L2,验证CA用户列表页面查看按钮功能,1.合作单位管理员、省公司系统管理员、签章管理员登录,1.在CA用户列表页面，点击列表的查看按钮,1.跳转用户CA证书详情页，查看页面不可编辑,通过,成亚珍,UAT,
9577,"1、合作单位-合作单位人员管理菜单下新增[CA用户列表]功能；
2、合作单位电子签章管理员、综合员、项目部负责人可查看本单位所有CA用户列表及其证书详情；
3、协助复制当前功能至内部[系统管理-CA用户管理]菜单下，省公司系统管理员、合作单位管理员可查看本省关联合作单位所有CA用户列表及其证书详情。",,功能,系统管理-CA用户管理-CA用户列表,CA用户列表（内部）,导出,L2,验证CA用户列表页面导出功能,"1.合作单位管理员、省公司系统管理员、签章管理员登录
2. 不筛选数据",1.在CA用户列表页面，点击列表的导出按钮,1.默认导出用户权限下的全量数据,通过,成亚珍,UAT,
9577,"1、合作单位-合作单位人员管理菜单下新增[CA用户列表]功能；
2、合作单位电子签章管理员、综合员、项目部负责人可查看本单位所有CA用户列表及其证书详情；
3、协助复制当前功能至内部[系统管理-CA用户管理]菜单下，省公司系统管理员、合作单位管理员可查看本省关联合作单位所有CA用户列表及其证书详情。",,功能,系统管理-CA用户管理-CA用户列表,CA用户列表（内部）,导出,L2,验证CA用户列表页面导出功能,"1.合作单位管理员、省公司系统管理员、签章管理员登录
2. 筛选数据",1.在CA用户列表页面，点击列表的导出按钮,1.导出符合筛选的所有数据,通过,成亚珍,UAT,
9577,"1、合作单位-合作单位人员管理菜单下新增[CA用户列表]功能；
2、合作单位电子签章管理员、综合员、项目部负责人可查看本单位所有CA用户列表及其证书详情；
3、协助复制当前功能至内部[系统管理-CA用户管理]菜单下，省公司系统管理员、合作单位管理员可查看本省关联合作单位所有CA用户列表及其证书详情。",,功能,系统管理-CA用户管理-CA用户列表,CA用户列表（内部）,导出,L2,验证CA用户列表页面导出功能,"1.合作单位管理员、省公司系统管理员、签章管理员登录
2. 不筛选数据",1.在CA用户列表页面，点击列表的导出按钮，检查导出的响应时间,1.原则上2、5、8s,通过,成亚珍,UAT,
9577,"1、合作单位-合作单位人员管理菜单下新增[CA用户列表]功能；
2、合作单位电子签章管理员、综合员、项目部负责人可查看本单位所有CA用户列表及其证书详情；
3、协助复制当前功能至内部[系统管理-CA用户管理]菜单下，省公司系统管理员、合作单位管理员可查看本省关联合作单位所有CA用户列表及其证书详情。",,逻辑,系统管理-CA用户管理-CA用户列表,CA用户列表（内部）,列表查看权限,L2,验证CA用户列表查看权限,1.该登录人不是这3种角色（合作单位管理员、省公司系统管理员、签章管理员）,1.检查查看权限,1.看不到菜单CA用户列表,通过,成亚珍,UAT,
9577,"1、合作单位-合作单位人员管理菜单下新增[CA用户列表]功能；
2、合作单位电子签章管理员、综合员、项目部负责人可查看本单位所有CA用户列表及其证书详情；
3、协助复制当前功能至内部[系统管理-CA用户管理]菜单下，省公司系统管理员、合作单位管理员可查看本省关联合作单位所有CA用户列表及其证书详情。",,逻辑,系统管理-CA用户管理-CA用户列表,CA用户列表（内部）,列表查看权限,L2,验证CA用户列表查看权限,"1.省公司签章管理员登录
",1.在CA用户列表页面，查看列表的数据,1.省公司人员查看本省关联合作单位下的CA用户信息；,通过,成亚珍,UAT,
9577,"1、合作单位-合作单位人员管理菜单下新增[CA用户列表]功能；
2、合作单位电子签章管理员、综合员、项目部负责人可查看本单位所有CA用户列表及其证书详情；
3、协助复制当前功能至内部[系统管理-CA用户管理]菜单下，省公司系统管理员、合作单位管理员可查看本省关联合作单位所有CA用户列表及其证书详情。",,逻辑,系统管理-CA用户管理-CA用户列表,CA用户列表（内部）,列表查看权限,L2,验证CA用户列表查看权限,"1.地市公司签章管理员登录
",1.在CA用户列表页面，查看列表的数据,1.地市公司签章管理员查看本地市关联合作单位下的CA用户信息,通过,成亚珍,UAT,
9577,"1、合作单位-合作单位人员管理菜单下新增[CA用户列表]功能；
2、合作单位电子签章管理员、综合员、项目部负责人可查看本单位所有CA用户列表及其证书详情；
3、协助复制当前功能至内部[系统管理-CA用户管理]菜单下，省公司系统管理员、合作单位管理员可查看本省关联合作单位所有CA用户列表及其证书详情。",,逻辑,系统管理-CA用户管理-CA用户列表,CA用户列表（内部）,列表查看权限,L2,验证CA用户列表查看权限,"1.即是省公司系统管理员，又是地市公司签章管理员登录
",1.在CA用户列表页面，查看列表的数据,1.可以查看本省关联合作单位下的CA用户信息,通过,成亚珍,UAT,
9577,"1、合作单位-合作单位人员管理菜单下新增[CA用户列表]功能；
2、合作单位电子签章管理员、综合员、项目部负责人可查看本单位所有CA用户列表及其证书详情；
3、协助复制当前功能至内部[系统管理-CA用户管理]菜单下，省公司系统管理员、合作单位管理员可查看本省关联合作单位所有CA用户列表及其证书详情。",,功能,系统管理-CA用户管理-CA用户列表,CA用户列表（内部）,导出,L2,验证CA用户列表页面导出功能,"1.合作单位管理员、省公司系统管理员、签章管理员登录
2. 不筛选数据",1.在CA用户列表页面，点击列表的导出按钮,1.导出的excel数据表内容和列表一致,通过,成亚珍,UAT,
9506,"【背景】PMS现状：内外部企业证书同组织共用，根据证书申请人组织信息带出所属组织下所有的企业印章，河北公司反馈不符合管理要求及实际业务场景
【需求】需要根据证书申请人隔离企业证书
【方案】
1、外部企业证书申请人填报、查看页面、及文件用印调整为默认根据登录人本人申请的证书信息带出企业章；
2、支持外部用户在企业证书申请、查看时点击【添加组织已有印章】添加本人所属单位下的所有已生效印章，并发起申请
3、【添加新印章】时校验当前合作单位下是否有重复的在途或已生效印章名称，存在时提示失败：“您添加的印章名称与组织已有印章重复，如需申请请直接引用！”
4、外部企业证书申请、查看页面[印章信息]区域加红字提示“此处仅显示本人申请的印章，如需使用组织已有印章，请“添加组织已有印章”后申请使用。”
5、外部企业证书申请、查看页面【添加印章】弹窗字段名称“新增印张图片名称”改为“新增印章名称”",,逻辑,我的待办/CA用户配置- 企业证书,我的待办/CA用户配置- 企业证书,存量数据,L3,验证“添加新印章”弹框的字段名称,"1.申请人收到企业证书申请待办
2. 该合作单位有其他申请完成的企业章
",1.点击待办进入详细页面，检查页面印章,1.只展示当前登录人上传的印章，其他印章进行过滤（以前展示企业的印章）,通过,成亚珍,UAT,
9548,合作单位综合员或项目部负责人维护本单位人员信息时，给人员添加签章权限区域，CA证书允许同时新增个人证书及企业证书,,UIUE,合作单位人员管理 -人员信息,人员信息,列表,L2,验证综合员可以同时申请个人证书和企业证书,1.即使项目部负责人，也是综合员，添加CA证书后,1.点击保存，查看列表,1.保存成功后，证书展示2个证书，状态申请人补充资料,通过,成亚珍,UAT,
9550, 【9550】协助项目归档微服务，电子文件发起签章时外部人员选择由同一流程中根据人员登录账号校验重复改为根据登录账号+签章角色组合校验，需要合作伙伴微服务同步调整数据提供方式,,接口,/cpms/partner/api-v1/partner/getCaUserAllInfoList,/cpms/partner/api-v1/partner/getCaUserAllInfoList,接口,L1,验证输入参数，接口返回正常,环境正常，服务正常,"1.输入参数（""companyCode"": ""00230000000000000000"",
    ""page"": ""1"",
    ""size"": ""10""）",1.接口返回200，数据返回正常,通过,成亚珍,UAT,
9550, 【9550】协助项目归档微服务，电子文件发起签章时外部人员选择由同一流程中根据人员登录账号校验重复改为根据登录账号+签章角色组合校验，需要合作伙伴微服务同步调整数据提供方式,,接口,/cpms/partner/api-v1/partner/getCaUserAllInfoList,/cpms/partner/api-v1/partner/getCaUserAllInfoList,接口,L1,验证不输入必填参数，接口返回错误提示,环境正常，服务正常,"1.不输入必填参数（""companyCode"": ""00230000000000000000"",
    ）",1.接口返回200，数据返回”单位编码为必填字段“,通过,成亚珍,UAT,
9550, 【9550】协助项目归档微服务，电子文件发起签章时外部人员选择由同一流程中根据人员登录账号校验重复改为根据登录账号+签章角色组合校验，需要合作伙伴微服务同步调整数据提供方式,,接口,/cpms/partner/api-v1/partner/getCaUserAllInfoList,/cpms/partner/api-v1/partner/getCaUserAllInfoList,接口,L1,验证输入不存在的必填参数，接口返回空,环境正常，服务正常,"1.输入不存在的必填参数（""companyCode"": ""00230000000000000000"",
    ""page"": ""1"",
    ""size"": ""10""）",1.接口返回200，数据返回空,通过,成亚珍,UAT,
9700,"【9700】
1.推送合作单位信息，如果人员删除， 推送changeType =2状态推省测
2.人员删除时，推送changeType =2状态数据给省测",,功能,合作单位信息管理 -合作单位信息同步,合作单位信息同步,推送状态,L2,验证讲合作单位信息推送给省测,开发和省测联调通过,1.在合作单位信息同步页面，推送合作单位时，这个合作单位恰好有已经删除的人员点击推送按钮，检查日志,1.推送changeType =2状态推省测,通过,成亚珍,UAT,
9700,"【9700】
1.推送合作单位信息，如果人员删除， 推送changeType =2状态推省测
2.人员删除时，推送changeType =2状态数据给省测",,功能,合作单位人员管理 -人员信息,人员信息,推送状态,L2,验证讲合作单位信息推送给省测,开发和省测联调通过,1.在合作单位人员信息页面，点击删除按钮，人员删除审批完成，检查日志,1.推送changeType =2状态推省测,通过,成亚珍,UAT,
9719,"【9719】考核申诉问题修复
第一，申诉截止日期当天，应该是可以进行申诉的，直接给结束流程了，应该是第二天才算过期；
第二，流程历史结束流程变为已办了，但是流程平台上显示还在运行中。",,逻辑,我的待办,我的待办,逻辑,L1,验证再最后一天申诉期可以发起申诉进行提交,"1.评分人评完分提交到合作单位考核联系人
2. 最晚申诉期是当天",1.当天打开待办，发起申诉，点击提交按钮,1.可以正常提交,通过,成亚珍,UAT,
9719,"【9719】考核申诉问题修复
第一，申诉截止日期当天，应该是可以进行申诉的，直接给结束流程了，应该是第二天才算过期；
第二，流程历史结束流程变为已办了，但是流程平台上显示还在运行中。",,逻辑,我的待办,我的待办,逻辑,L1,验证再最后一天申诉期可以发起申诉进行提交,"1.评分人评完分提交到合作单位考核联系人
2. 最晚申诉期是当天",1.当天打开待办，不发起申诉，点击提交按钮,1.可以正常提交,通过,成亚珍,UAT,
9719,"【9719】考核申诉问题修复
第一，申诉截止日期当天，应该是可以进行申诉的，直接给结束流程了，应该是第二天才算过期；
第二，流程历史结束流程变为已办了，但是流程平台上显示还在运行中。",,逻辑,我的待办,我的待办,逻辑,L1,验证待办变成已办后，流程平台状态也是结束,"1.评分人评完分提交到合作单位考核联系人
2. 申诉期过期",1.查看待办,"1.待办变成已办
2.流程平台的状态为结束",通过,成亚珍,UAT,
9310," 【需求9310】【背景】合作单位如需更换关键岗位人员，应按合同约定向相关部门提交变更申请，经审批同意后方可更换。合作单位如需更换非关键岗位人员，应按合同约定向工程实施部门报备。
【需求】合作单位关键岗位人员新增、删除需要审批，审批流程无需全国统一
【方案】合作单位人员角色为设计单位总负责人、专业勘察设计负责人、设计员、施工单位五类核心人员（施工单位负责人、施工单位技术负责人、施工单位造价员、质量员、施工安全员）、监理单位负责人、专业监理工程师、监理安全员、监理工程师时，角色审批层级强控不可选择“无需审批”。
----历史数据暂不处理，仅校验本次上线后维护（包括重新编辑）的数据",,功能,合作单位-合作单位人员管理-人员信息,人员信息,配置,L3,验证修改配置前新增角色，查看配置的无需审批的角色能否正常保存,"1、修改配置前，角色审批层级为无需审批
（zzrl测试01）","1、项目部负责人登录
2、新增/修改人员，新增角色（设计员/设计单位总负责人等），点击保存",1、人员角色生效，无需审批,通过,马昱堇,MSIT,
9310," 【需求9310】【背景】合作单位如需更换关键岗位人员，应按合同约定向相关部门提交变更申请，经审批同意后方可更换。合作单位如需更换非关键岗位人员，应按合同约定向工程实施部门报备。
【需求】合作单位关键岗位人员新增、删除需要审批，审批流程无需全国统一
【方案】合作单位人员角色为设计单位总负责人、专业勘察设计负责人、设计员、施工单位五类核心人员（施工单位负责人、施工单位技术负责人、施工单位造价员、质量员、施工安全员）、监理单位负责人、专业监理工程师、监理安全员、监理工程师时，角色审批层级强控不可选择“无需审批”。
----历史数据暂不处理，仅校验本次上线后维护（包括重新编辑）的数据",,功能,合作单位-合作单位人员管理-角色审批层级配置,角色审批层级配置,配置,L1,验证审批层级为空时，点击确定时弹出提示,"1、角色的审批层级为空
（nihongwei@hq.cmcc）",1、不选择审批层级，直接确定,1、弹出提示，不能保存,通过,马昱堇,MSIT,
9310," 【需求9310】【背景】合作单位如需更换关键岗位人员，应按合同约定向相关部门提交变更申请，经审批同意后方可更换。合作单位如需更换非关键岗位人员，应按合同约定向工程实施部门报备。
【需求】合作单位关键岗位人员新增、删除需要审批，审批流程无需全国统一
【方案】合作单位人员角色为设计单位总负责人、专业勘察设计负责人、设计员、施工单位五类核心人员（施工单位负责人、施工单位技术负责人、施工单位造价员、质量员、施工安全员）、监理单位负责人、专业监理工程师、监理安全员、监理工程师时，角色审批层级强控不可选择“无需审批”。
----历史数据暂不处理，仅校验本次上线后维护（包括重新编辑）的数据",,功能,合作单位-合作单位人员管理-角色审批层级配置,角色审批层级配置,配置,L2,验证非本次强控的12个角色，审批层级为无需审批时，点击确定能正常保存,"1、修改的角色非本次强控的12个角色，点击修改
（nihongwei@hq.cmcc）",1、审批层级选择无需审批，点击确定,1、能正常保存，角色生效,通过,马昱堇,MSIT,
9310," 【需求9310】【背景】合作单位如需更换关键岗位人员，应按合同约定向相关部门提交变更申请，经审批同意后方可更换。合作单位如需更换非关键岗位人员，应按合同约定向工程实施部门报备。
【需求】合作单位关键岗位人员新增、删除需要审批，审批流程无需全国统一
【方案】合作单位人员角色为设计单位总负责人、专业勘察设计负责人、设计员、施工单位五类核心人员（施工单位负责人、施工单位技术负责人、施工单位造价员、质量员、施工安全员）、监理单位负责人、专业监理工程师、监理安全员、监理工程师时，角色审批层级强控不可选择“无需审批”。
----历史数据暂不处理，仅校验本次上线后维护（包括重新编辑）的数据",,功能,合作单位-合作单位人员管理-角色审批层级配置,角色审批层级配置,配置,L1,验证本次强控的12个角色，审批层级为无需审批时，点击确定弹出提示不能保存,"1、修改的角色为本次强控的12个角色，点击修改
（nihongwei@hq.cmcc）",1、审批层级选择无需审批，点击确定,"1、弹出提示：根据管理要求，当前角色不可选择“无需审批”！
2、不能保存",通过,马昱堇,MSIT,
9310," 【需求9310】【背景】合作单位如需更换关键岗位人员，应按合同约定向相关部门提交变更申请，经审批同意后方可更换。合作单位如需更换非关键岗位人员，应按合同约定向工程实施部门报备。
【需求】合作单位关键岗位人员新增、删除需要审批，审批流程无需全国统一
【方案】合作单位人员角色为设计单位总负责人、专业勘察设计负责人、设计员、施工单位五类核心人员（施工单位负责人、施工单位技术负责人、施工单位造价员、质量员、施工安全员）、监理单位负责人、专业监理工程师、监理安全员、监理工程师时，角色审批层级强控不可选择“无需审批”。
----历史数据暂不处理，仅校验本次上线后维护（包括重新编辑）的数据",,功能,合作单位-合作单位人员管理-角色审批层级配置,角色审批层级配置,配置,L1,验证本次强控的12个角色，审批层级为非无需审批时，点击确定能正常保存,"1、修改的角色为本次强控的12个角色，点击修改
（nihongwei@hq.cmcc）",1、审批层级不选择无需审批（本部审批等），点击确定,1、能正常保存，角色审批层级生效生效,通过,马昱堇,MSIT,
9310," 【需求9310】【背景】合作单位如需更换关键岗位人员，应按合同约定向相关部门提交变更申请，经审批同意后方可更换。合作单位如需更换非关键岗位人员，应按合同约定向工程实施部门报备。
【需求】合作单位关键岗位人员新增、删除需要审批，审批流程无需全国统一
【方案】合作单位人员角色为设计单位总负责人、专业勘察设计负责人、设计员、施工单位五类核心人员（施工单位负责人、施工单位技术负责人、施工单位造价员、质量员、施工安全员）、监理单位负责人、专业监理工程师、监理安全员、监理工程师时，角色审批层级强控不可选择“无需审批”。
----历史数据暂不处理，仅校验本次上线后维护（包括重新编辑）的数据",,功能,合作单位-合作单位人员管理-角色审批层级配置,角色审批层级配置,配置,L2,验证本次强控的12个角色，审批层级为非无需审批时，点击确定角色审批层级生效,"1、本次强控的12个角色修改审批层级为非无需审批
（zzrl测试01）","1、项目部负责人登录
2、新增/修改人员，新增角色（设计员/设计单位总负责人等12种角色），点击保存","1、能正常保存，角色状态新增待审批
2、完成角色审批后角色状态为生效",通过,马昱堇,MSIT,
9310," 【需求9310】【背景】合作单位如需更换关键岗位人员，应按合同约定向相关部门提交变更申请，经审批同意后方可更换。合作单位如需更换非关键岗位人员，应按合同约定向工程实施部门报备。
【需求】合作单位关键岗位人员新增、删除需要审批，审批流程无需全国统一
【方案】合作单位人员角色为设计单位总负责人、专业勘察设计负责人、设计员、施工单位五类核心人员（施工单位负责人、施工单位技术负责人、施工单位造价员、质量员、施工安全员）、监理单位负责人、专业监理工程师、监理安全员、监理工程师时，角色审批层级强控不可选择“无需审批”。
----历史数据暂不处理，仅校验本次上线后维护（包括重新编辑）的数据",,UIUE,合作单位-合作单位人员管理-角色审批层级配置,角色审批层级配置,页面显示,L2,验证角色审批层级配置弹框文字上下居中显示,"1、角色审批配置点击编辑
（nihongwei@hq.cmcc）",1、查看审批配置弹框样式,1、弹框文字上下居中,通过,马昱堇,MSIT,
9311,"【需求9311】【背景】根据集团最新合作单位管理规范，建立合作单位组织机构信息库，信息库备案内容包括合作单位属地项目部组织架构；
【需求】以省份+服务范围纬度收集参建人员角色，人员，服务范围
【方案】
1、提供合作单位组织架构信息查询列表，输出内容包括合作单位名称、单位类型、服务省份、服务地市、参建人员角色、参建人员姓名；
2、以省份+合作单位、地市+合作单位纬度统计参建人员数量，并输出查询报表",,UIUE,合作单位-合作单位人员管理-合作单位组织结构查询,合作单位组织结构查询,页面显示,L1,验证组织结构新增字段（参考原型图）正确,1、合作单位组织结构查询点击组织结构（wudp@js.cmcc）,1、查看组织结构字段,1、页面展示序号、合作单位名称、合作单位编码、单位类型、服务省份、参建人员总数、服务地市、参见人数字段，与原型图保持一致,通过,马昱堇,MSIT,
9311,"【需求9311】【背景】根据集团最新合作单位管理规范，建立合作单位组织机构信息库，信息库备案内容包括合作单位属地项目部组织架构；
【需求】以省份+服务范围纬度收集参建人员角色，人员，服务范围
【方案】
1、提供合作单位组织架构信息查询列表，输出内容包括合作单位名称、单位类型、服务省份、服务地市、参建人员角色、参建人员姓名；
2、以省份+合作单位、地市+合作单位纬度统计参建人员数量，并输出查询报表",,UIUE,合作单位-合作单位人员管理-合作单位组织结构查询,合作单位组织结构查询,超链接,L2,验证参建人员总数的数量正确点击可正常跳转,1、合作单位组织结构查询点击组织结构,"1、查看参建人员总数、样式
2、点击参建人员总数","1、参建人员总数正确，为超链接的形式
2、点击参建人员总数跳转到新页面",通过,马昱堇,MSIT,
9311,"【需求9311】【背景】根据集团最新合作单位管理规范，建立合作单位组织机构信息库，信息库备案内容包括合作单位属地项目部组织架构；
【需求】以省份+服务范围纬度收集参建人员角色，人员，服务范围
【方案】
1、提供合作单位组织架构信息查询列表，输出内容包括合作单位名称、单位类型、服务省份、服务地市、参建人员角色、参建人员姓名；
2、以省份+合作单位、地市+合作单位纬度统计参建人员数量，并输出查询报表",,UIUE,合作单位-合作单位人员管理-合作单位组织结构查询,合作单位组织结构查询,超链接,L3,验证参建人员总数跳转页页面样式符合规范（参考原型图）,"1、合作单位组织结构查询点击组织结构
2、点击参建人员总数跳转至新页面",1、查看页面样式,1、页面样式符合原型图,通过,马昱堇,MSIT,
9311,"【需求9311】【背景】根据集团最新合作单位管理规范，建立合作单位组织机构信息库，信息库备案内容包括合作单位属地项目部组织架构；
【需求】以省份+服务范围纬度收集参建人员角色，人员，服务范围
【方案】
1、提供合作单位组织架构信息查询列表，输出内容包括合作单位名称、单位类型、服务省份、服务地市、参建人员角色、参建人员姓名；
2、以省份+合作单位、地市+合作单位纬度统计参建人员数量，并输出查询报表",,功能,合作单位-合作单位人员管理-合作单位组织结构查询,合作单位组织结构查询,查询,L3,验证参建人员总数跳转页面搜索条件选择范围正确,"1、合作单位组织结构查询点击组织结构
2、点击参建人员总数跳转至新页面",1、查看搜索条件样式，选择范围,"1、服务地市：下拉框展示，选择范围为当前合作单位的服务地市
2、人员角色/人员姓名：限制20文字，超出不能输入",通过,马昱堇,MSIT,
9311,"【需求9311】【背景】根据集团最新合作单位管理规范，建立合作单位组织机构信息库，信息库备案内容包括合作单位属地项目部组织架构；
【需求】以省份+服务范围纬度收集参建人员角色，人员，服务范围
【方案】
1、提供合作单位组织架构信息查询列表，输出内容包括合作单位名称、单位类型、服务省份、服务地市、参建人员角色、参建人员姓名；
2、以省份+合作单位、地市+合作单位纬度统计参建人员数量，并输出查询报表",,功能,合作单位-合作单位人员管理-合作单位组织结构查询,合作单位组织结构查询,查询,L2,验证参建人员总数跳转页面搜索条件能正常使用,"1、合作单位组织结构查询点击组织结构
2、点击参建人员总数跳转至新页面",1、点击搜索、重置，使用回车键搜索,"1、点击搜索能正常搜索
2、能模糊、组合查询
3、回车键能正常搜索
4、点击清空能正常清空搜索条件",通过,马昱堇,MSIT,
9311,"【需求9311】【背景】根据集团最新合作单位管理规范，建立合作单位组织机构信息库，信息库备案内容包括合作单位属地项目部组织架构；
【需求】以省份+服务范围纬度收集参建人员角色，人员，服务范围
【方案】
1、提供合作单位组织架构信息查询列表，输出内容包括合作单位名称、单位类型、服务省份、服务地市、参建人员角色、参建人员姓名；
2、以省份+合作单位、地市+合作单位纬度统计参建人员数量，并输出查询报表",,UIUE,合作单位-合作单位人员管理-合作单位组织结构查询,合作单位组织结构查询,查询,L2,验证参建人数跳转页面列表显示正确（参考原型图）,"1、合作单位组织结构查询点击组织结构
2、点击参建人员总数跳转至新页面","1、查看列表标题、列表展示
2、切换页数、每页展示行数","1、列表标题：【服务省份】合作单位名称  人数
2、列表展示序号、服务地市、人员角色（展示当前行的人员的所有角色）、人员姓名
3、分页功能正常使用",通过,马昱堇,MSIT,
9311,"【需求9311】【背景】根据集团最新合作单位管理规范，建立合作单位组织机构信息库，信息库备案内容包括合作单位属地项目部组织架构；
【需求】以省份+服务范围纬度收集参建人员角色，人员，服务范围
【方案】
1、提供合作单位组织架构信息查询列表，输出内容包括合作单位名称、单位类型、服务省份、服务地市、参建人员角色、参建人员姓名；
2、以省份+合作单位、地市+合作单位纬度统计参建人员数量，并输出查询报表",,UIUE,合作单位-合作单位人员管理-合作单位组织结构查询,合作单位组织结构查询,超链接,L2,验证参建人数的数量正确点击可正常跳转,1、合作单位组织结构查询点击组织结构,"1、查看参建人数、样式
2、点击参建人数","1、参建人数正确，为超链接形式
2、点击参建人数跳转到新页面",通过,马昱堇,MSIT,
9311,"【需求9311】【背景】根据集团最新合作单位管理规范，建立合作单位组织机构信息库，信息库备案内容包括合作单位属地项目部组织架构；
【需求】以省份+服务范围纬度收集参建人员角色，人员，服务范围
【方案】
1、提供合作单位组织架构信息查询列表，输出内容包括合作单位名称、单位类型、服务省份、服务地市、参建人员角色、参建人员姓名；
2、以省份+合作单位、地市+合作单位纬度统计参建人员数量，并输出查询报表",,UIUE,合作单位-合作单位人员管理-合作单位组织结构查询,合作单位组织结构查询,超链接,L3,验证参建人数跳转页的面包屑正确，页面样式符合规范（参考原型图）,"1、合作单位组织结构查询点击组织结构
2、点击参建人数跳转至新页面",1、查看页面样式,1、页面样式符合原型图,通过,马昱堇,MSIT,
9311,"【需求9311】【背景】根据集团最新合作单位管理规范，建立合作单位组织机构信息库，信息库备案内容包括合作单位属地项目部组织架构；
【需求】以省份+服务范围纬度收集参建人员角色，人员，服务范围
【方案】
1、提供合作单位组织架构信息查询列表，输出内容包括合作单位名称、单位类型、服务省份、服务地市、参建人员角色、参建人员姓名；
2、以省份+合作单位、地市+合作单位纬度统计参建人员数量，并输出查询报表",,功能,合作单位-合作单位人员管理-合作单位组织结构查询,合作单位组织结构查询,查询,L3,验证参建人数跳转页面搜索条件选择范围正确,"1、合作单位组织结构查询点击组织结构
2、点击参建人数跳转至新页面",1、查看搜索条件样式，选择范围,"1、服务地市：默认为当前服务地市，置灰不能选择
2、人员角色/人员姓名：限制20文字，超出不能输入",通过,马昱堇,MSIT,
9311,"【需求9311】【背景】根据集团最新合作单位管理规范，建立合作单位组织机构信息库，信息库备案内容包括合作单位属地项目部组织架构；
【需求】以省份+服务范围纬度收集参建人员角色，人员，服务范围
【方案】
1、提供合作单位组织架构信息查询列表，输出内容包括合作单位名称、单位类型、服务省份、服务地市、参建人员角色、参建人员姓名；
2、以省份+合作单位、地市+合作单位纬度统计参建人员数量，并输出查询报表",,功能,合作单位-合作单位人员管理-合作单位组织结构查询,合作单位组织结构查询,查询,L2,验证参建人数跳转页面搜索条件能正常使用,"1、合作单位组织结构查询点击组织结构
2、点击参建人数跳转至新页面",1、点击搜索、重置，使用回车键搜索,"1、点击搜索能正常搜索
2、能模糊、组合查询
3、回车键能正常搜索
4、点击清空能正常清空搜索条件",通过,马昱堇,MSIT,
9311,"【需求9311】【背景】根据集团最新合作单位管理规范，建立合作单位组织机构信息库，信息库备案内容包括合作单位属地项目部组织架构；
【需求】以省份+服务范围纬度收集参建人员角色，人员，服务范围
【方案】
1、提供合作单位组织架构信息查询列表，输出内容包括合作单位名称、单位类型、服务省份、服务地市、参建人员角色、参建人员姓名；
2、以省份+合作单位、地市+合作单位纬度统计参建人员数量，并输出查询报表",,功能,合作单位-合作单位人员管理-合作单位组织结构查询,合作单位组织结构查询,导出,L2,验证组织结构导出功能正常,1、合作单位组织结构查询点击组织结构,"1、点击导出
2、查看导出文件","1、能正常导出，导出文件名正确
2、导出文件内容和顺序与页面显示一致",通过,马昱堇,MSIT,
9358,"【需求9358】查询条件涉及[建设单位]的，全部从下拉选择改为手工输入，允许模糊搜索
1、考核进度监控
2、评分表扣分明细查询
3、系统/实际扣分对比查询
4、项目执行指标明细
5、项目各阶段评分明细
6、框架合同月度得分明细",,功能,合作单位-合作单位考核-考核进度监控,考核进度监控,查询,L2,验证考核进度监控的建设单位搜索功能正常,1、建设单位搜索改为输入框形式（nihongwei@hq.cmcc）,"1、输入20以上的文字
2、模糊搜索
3、组合搜索
4、翻页搜索
5、使用回车进行搜索
6、点击搜索、重置","1、超过20字后无法再次输入
2、模糊、组合、翻页能正常搜索
3、使用回车能正常进行搜索
4、点击搜索能正常查询，点击重置清空搜索条件",通过,马昱堇,MSIT,
9358,"【需求9358】查询条件涉及[建设单位]的，全部从下拉选择改为手工输入，允许模糊搜索
1、考核进度监控
2、评分表扣分明细查询
3、系统/实际扣分对比查询
4、项目执行指标明细
5、项目各阶段评分明细
6、框架合同月度得分明细",,功能,合作单位-考核结果查询-评分表扣分明细查询,评分表扣分明细查询,查询,L2,验证评分表扣分明细查询的建设单位搜索功能正常,"1、建设单位搜索改为输入框形式
（dongw@js.cmcc）","1、输入20以上的文字
2、模糊搜索
3、组合搜索
4、翻页搜索
5、使用回车进行搜索
6、点击搜索、重置","1、超过20字后无法再次输入
2、模糊、组合、翻页能正常搜索
3、使用回车能正常进行搜索
4、点击搜索能正常查询，点击重置清空搜索条件",通过,马昱堇,MSIT,
9358,"【需求9358】查询条件涉及[建设单位]的，全部从下拉选择改为手工输入，允许模糊搜索
1、考核进度监控
2、评分表扣分明细查询
3、系统/实际扣分对比查询
4、项目执行指标明细
5、项目各阶段评分明细
6、框架合同月度得分明细",,功能,合作单位-考核结果查询-系统/实际扣分对比查询,系统/实际扣分对比查询,查询,L2,验证系统/实际扣分对比查询的建设单位搜索功能正常,"1、建设单位搜索改为输入框形式
（nihongwei@hq.cmcc）","1、输入20以上的文字
2、模糊搜索
3、组合搜索
4、翻页搜索
5、使用回车进行搜索
6、点击搜索、重置","1、超过20字后无法再次输入
2、模糊、组合、翻页能正常搜索
3、使用回车能正常进行搜索
4、点击搜索能正常查询，点击重置清空搜索条件",通过,马昱堇,MSIT,
9358,"【需求9358】查询条件涉及[建设单位]的，全部从下拉选择改为手工输入，允许模糊搜索
1、考核进度监控
2、评分表扣分明细查询
3、系统/实际扣分对比查询
4、项目执行指标明细
5、项目各阶段评分明细
6、框架合同月度得分明细",,功能,合作单位-考核结果查询-项目执行明细查询,项目执行明细查询,查询,L2,验证项目执行明细查询的建设单位搜索功能正常,"1、建设单位搜索改为输入框形式
（nihongwei@hq.cmcc）","1、输入20以上的文字
2、模糊搜索
3、组合搜索
4、翻页搜索
5、使用回车进行搜索
6、点击搜索、重置","1、超过20字后无法再次输入
2、模糊、组合、翻页能正常搜索
3、使用回车能正常进行搜索
4、点击搜索能正常查询，点击重置清空搜索条件",通过,马昱堇,MSIT,
9358,"【需求9358】查询条件涉及[建设单位]的，全部从下拉选择改为手工输入，允许模糊搜索
1、考核进度监控
2、评分表扣分明细查询
3、系统/实际扣分对比查询
4、项目执行指标明细
5、项目各阶段评分明细
6、框架合同月度得分明细",,功能,合作单位-考核结果查询-项目各阶段评分明细,项目各阶段评分明细,查询,L2,验证项目各阶段评分明细的建设单位搜索功能正常,"1、建设单位搜索改为输入框形式
（nihongwei@hq.cmcc）","1、输入20以上的文字
2、模糊搜索
3、组合搜索
4、翻页搜索
5、使用回车进行搜索
6、点击搜索、重置","1、超过20字后无法再次输入
2、模糊、组合、翻页能正常搜索
3、使用回车能正常进行搜索
4、点击搜索能正常查询，点击重置清空搜索条件",通过,马昱堇,MSIT,
9358,"【需求9358】查询条件涉及[建设单位]的，全部从下拉选择改为手工输入，允许模糊搜索
1、考核进度监控
2、评分表扣分明细查询
3、系统/实际扣分对比查询
4、项目执行指标明细
5、项目各阶段评分明细
6、框架合同月度得分明细",,功能,合作单位-考核结果查询-框架合同得分明细,框架合同得分明细,查询,L2,验证框架合同得分明细的建设单位搜索功能正常,"1、建设单位搜索改为输入框形式
（nihongwei@hq.cmcc）","1、输入20以上的文字
2、模糊搜索
3、组合搜索
4、翻页搜索
5、使用回车进行搜索
6、点击搜索、重置","1、超过20字后无法再次输入
2、模糊、组合、翻页能正常搜索
3、使用回车能正常进行搜索
4、点击搜索能正常查询，点击重置清空搜索条件",通过,马昱堇,MSIT,
9359,"【需求9359】【背景】当前合作单位考核功能，在评分模块中扣分理由无法全量查看，领导审批的时候看不到理由，急需优化。
【需求】后评估考核评分流转审批时，能全量查看到扣分理由。
【方案】
1、优化月度打分制评分表[实际扣分说明]展示方式，[实际扣分说明]“扣分原因”输入框拉长，默认列长40字符，行高默认一行，最大显示5行文字，鼠标双击时弹出多行文本框，文本框长度40字符，高度根据输入内容自动调整，可输入字段长度最大1000字符；鼠标点击文本框外任意区域时，收起文本框，并保存已输入内容；
2、评分审批页面，查看页面[扣分原因]字段默认显示长度设置为200字符（100个汉字），行高默认一行，最大显示5行文字（每行20个汉字，根据文本长度自动调整行高），超出时省略号，鼠标悬浮查看全量信息。",XQ-W-CPMS-JX-20230512-0020,功能,首页-我的待办,我的待办,输入框,L1,验证月度打分待办点击处理后实际扣分说明-扣分原因不输入时无法保存,"1、下发月度打分待办
（zhangchun@hq.cmcc、D23781010AA0047）",1、评分点击处理，不输入扣分原因点击保存,1、弹出提示无法保存,通过,马昱堇,MSIT,
9359,"【需求9359】【背景】当前合作单位考核功能，在评分模块中扣分理由无法全量查看，领导审批的时候看不到理由，急需优化。
【需求】后评估考核评分流转审批时，能全量查看到扣分理由。
【方案】
1、优化月度打分制评分表[实际扣分说明]展示方式，[实际扣分说明]“扣分原因”输入框拉长，默认列长40字符，行高默认一行，最大显示5行文字，鼠标双击时弹出多行文本框，文本框长度40字符，高度根据输入内容自动调整，可输入字段长度最大1000字符；鼠标点击文本框外任意区域时，收起文本框，并保存已输入内容；
2、评分审批页面，查看页面[扣分原因]字段默认显示长度设置为200字符（100个汉字），行高默认一行，最大显示5行文字（每行20个汉字，根据文本长度自动调整行高），超出时省略号，鼠标悬浮查看全量信息。",XQ-W-CPMS-JX-20230512-0020,功能,首页-我的待办,我的待办,输入框,L2,验证月度打分待办-实际扣分说明-扣分原因单击能弹出多行文本框,"1、下发月度打分待办
（zhangchun@hq.cmcc、D23781010AA0047）","1、单击扣分原因
2、点击文本框外的区域","1、弹出多行文本框
2、点击文本框外的区域收起文本框并保存输入的内容",通过,马昱堇,MSIT,
9359,"【需求9359】【背景】当前合作单位考核功能，在评分模块中扣分理由无法全量查看，领导审批的时候看不到理由，急需优化。
【需求】后评估考核评分流转审批时，能全量查看到扣分理由。
【方案】
1、优化月度打分制评分表[实际扣分说明]展示方式，[实际扣分说明]“扣分原因”输入框拉长，默认列长40字符，行高默认一行，最大显示5行文字，鼠标双击时弹出多行文本框，文本框长度40字符，高度根据输入内容自动调整，可输入字段长度最大1000字符；鼠标点击文本框外任意区域时，收起文本框，并保存已输入内容；
2、评分审批页面，查看页面[扣分原因]字段默认显示长度设置为200字符（100个汉字），行高默认一行，最大显示5行文字（每行20个汉字，根据文本长度自动调整行高），超出时省略号，鼠标悬浮查看全量信息。",XQ-W-CPMS-JX-20230512-0020,功能,首页-我的待办,我的待办,输入框,L1,验证月度打分待办-实际扣分说明-扣分原因每行限制30汉字,"1、下发月度打分待办
（zhangchun@hq.cmcc、D23781010AA0047）",1、点击扣分原因，弹出输入框，输入框扣分原因，查看每行汉字字数,1、每行展示30个汉字,通过,马昱堇,MSIT,
9359,"【需求9359】【背景】当前合作单位考核功能，在评分模块中扣分理由无法全量查看，领导审批的时候看不到理由，急需优化。
【需求】后评估考核评分流转审批时，能全量查看到扣分理由。
【方案】
1、优化月度打分制评分表[实际扣分说明]展示方式，[实际扣分说明]“扣分原因”输入框拉长，默认列长40字符，行高默认一行，最大显示5行文字，鼠标双击时弹出多行文本框，文本框长度40字符，高度根据输入内容自动调整，可输入字段长度最大1000字符；鼠标点击文本框外任意区域时，收起文本框，并保存已输入内容；
2、评分审批页面，查看页面[扣分原因]字段默认显示长度设置为200字符（100个汉字），行高默认一行，最大显示5行文字（每行20个汉字，根据文本长度自动调整行高），超出时省略号，鼠标悬浮查看全量信息。",XQ-W-CPMS-JX-20230512-0020,功能,首页-我的待办,我的待办,输入框,L1,验证月度打分待办-实际扣分说明-扣分原因输入小于500汉字，能正常输入,"1、下发月度打分待办
（zhangchun@hq.cmcc、D23781010AA0047）",1、点击扣分原因，弹出输入框，输入框扣分原因小于500个汉字,1、能全量展示,通过,马昱堇,MSIT,
9359,"【需求9359】【背景】当前合作单位考核功能，在评分模块中扣分理由无法全量查看，领导审批的时候看不到理由，急需优化。
【需求】后评估考核评分流转审批时，能全量查看到扣分理由。
【方案】
1、优化月度打分制评分表[实际扣分说明]展示方式，[实际扣分说明]“扣分原因”输入框拉长，默认列长40字符，行高默认一行，最大显示5行文字，鼠标双击时弹出多行文本框，文本框长度40字符，高度根据输入内容自动调整，可输入字段长度最大1000字符；鼠标点击文本框外任意区域时，收起文本框，并保存已输入内容；
2、评分审批页面，查看页面[扣分原因]字段默认显示长度设置为200字符（100个汉字），行高默认一行，最大显示5行文字（每行20个汉字，根据文本长度自动调整行高），超出时省略号，鼠标悬浮查看全量信息。",XQ-W-CPMS-JX-20230512-0020,功能,首页-我的待办,我的待办,输入框,L1,验证月度打分待办-实际扣分说明-扣分原因输入大于500汉字，多余的内容无法输入,"1、下发月度打分待办
（zhangchun@hq.cmcc、D23781010AA0047）",1、点击扣分原因，弹出输入框，输入框扣分原因大于500个汉字,"1、小于等于500汉字的部分能正常输入
2、大于500汉字的部分不能输入",通过,马昱堇,MSIT,
9359,"【需求9359】【背景】当前合作单位考核功能，在评分模块中扣分理由无法全量查看，领导审批的时候看不到理由，急需优化。
【需求】后评估考核评分流转审批时，能全量查看到扣分理由。
【方案】
1、优化月度打分制评分表[实际扣分说明]展示方式，[实际扣分说明]“扣分原因”输入框拉长，默认列长40字符，行高默认一行，最大显示5行文字，鼠标双击时弹出多行文本框，文本框长度40字符，高度根据输入内容自动调整，可输入字段长度最大1000字符；鼠标点击文本框外任意区域时，收起文本框，并保存已输入内容；
2、评分审批页面，查看页面[扣分原因]字段默认显示长度设置为200字符（100个汉字），行高默认一行，最大显示5行文字（每行20个汉字，根据文本长度自动调整行高），超出时省略号，鼠标悬浮查看全量信息。",XQ-W-CPMS-JX-20230512-0020,功能,首页-我的待办,我的待办,输入框,L1,验证月度打分待办-实际扣分说明-扣分原因使用复制粘贴功能可以粘贴剪切板的内容,"1、下发月度打分待办
（zhangchun@hq.cmcc、D23781010AA0047）","1、复制文字
2、粘贴至输入框",1、能正常粘贴到输入框，内容显示正确,通过,马昱堇,MSIT,
9359,"【需求9359】【背景】当前合作单位考核功能，在评分模块中扣分理由无法全量查看，领导审批的时候看不到理由，急需优化。
【需求】后评估考核评分流转审批时，能全量查看到扣分理由。
【方案】
1、优化月度打分制评分表[实际扣分说明]展示方式，[实际扣分说明]“扣分原因”输入框拉长，默认列长40字符，行高默认一行，最大显示5行文字，鼠标双击时弹出多行文本框，文本框长度40字符，高度根据输入内容自动调整，可输入字段长度最大1000字符；鼠标点击文本框外任意区域时，收起文本框，并保存已输入内容；
2、评分审批页面，查看页面[扣分原因]字段默认显示长度设置为200字符（100个汉字），行高默认一行，最大显示5行文字（每行20个汉字，根据文本长度自动调整行高），超出时省略号，鼠标悬浮查看全量信息。",XQ-W-CPMS-JX-20230512-0020,功能,首页-我的待办,我的待办,输入框,L2,验证月度打分待办-实际扣分说明-扣分原因输入后收起再单击能正常进行修改,"1、下发月度打分待办
（zhangchun@hq.cmcc、D23781010AA0047）","1、输入扣分原因后收起输入框
2、再次单击扣分原因",1、能正常显示弹框，内容正确且可进行修改,通过,马昱堇,MSIT,
9359,"【需求9359】【背景】当前合作单位考核功能，在评分模块中扣分理由无法全量查看，领导审批的时候看不到理由，急需优化。
【需求】后评估考核评分流转审批时，能全量查看到扣分理由。
【方案】
1、优化月度打分制评分表[实际扣分说明]展示方式，[实际扣分说明]“扣分原因”输入框拉长，默认列长40字符，行高默认一行，最大显示5行文字，鼠标双击时弹出多行文本框，文本框长度40字符，高度根据输入内容自动调整，可输入字段长度最大1000字符；鼠标点击文本框外任意区域时，收起文本框，并保存已输入内容；
2、评分审批页面，查看页面[扣分原因]字段默认显示长度设置为200字符（100个汉字），行高默认一行，最大显示5行文字（每行20个汉字，根据文本长度自动调整行高），超出时省略号，鼠标悬浮查看全量信息。",XQ-W-CPMS-JX-20230512-0020,功能,首页-我的已办,我的已办,输入框,L2,验证鼠标移至我的已办-月度打分-扣分原因能展示全量的扣分原因,"1、月度打分待办提交审批
（zhangchun@hq.cmcc、D23781010AA0047）",1、点击我的已办，鼠标移至扣分原因,1、悬浮框展示全量扣分原因,通过,马昱堇,MSIT,
9359,"【需求9359】【背景】当前合作单位考核功能，在评分模块中扣分理由无法全量查看，领导审批的时候看不到理由，急需优化。
【需求】后评估考核评分流转审批时，能全量查看到扣分理由。
【方案】
1、优化月度打分制评分表[实际扣分说明]展示方式，[实际扣分说明]“扣分原因”输入框拉长，默认列长40字符，行高默认一行，最大显示5行文字，鼠标双击时弹出多行文本框，文本框长度40字符，高度根据输入内容自动调整，可输入字段长度最大1000字符；鼠标点击文本框外任意区域时，收起文本框，并保存已输入内容；
2、评分审批页面，查看页面[扣分原因]字段默认显示长度设置为200字符（100个汉字），行高默认一行，最大显示5行文字（每行20个汉字，根据文本长度自动调整行高），超出时省略号，鼠标悬浮查看全量信息。",XQ-W-CPMS-JX-20230512-0020,功能,首页-我的待办,我的待办,输入框,L2,验证月度打分审批节点-实际扣分说明-扣分原因审批页面显示正确,"1、月度打分待办提交审批
（zhangchun@hq.cmcc、D23781010AA0047）",1、审批节点点击我的待办，鼠标移至扣分原因,1、悬浮框展示全量扣分原因,通过,马昱堇,MSIT,
9359,"【需求9359】【背景】当前合作单位考核功能，在评分模块中扣分理由无法全量查看，领导审批的时候看不到理由，急需优化。
【需求】后评估考核评分流转审批时，能全量查看到扣分理由。
【方案】
1、优化月度打分制评分表[实际扣分说明]展示方式，[实际扣分说明]“扣分原因”输入框拉长，默认列长40字符，行高默认一行，最大显示5行文字，鼠标双击时弹出多行文本框，文本框长度40字符，高度根据输入内容自动调整，可输入字段长度最大1000字符；鼠标点击文本框外任意区域时，收起文本框，并保存已输入内容；
2、评分审批页面，查看页面[扣分原因]字段默认显示长度设置为200字符（100个汉字），行高默认一行，最大显示5行文字（每行20个汉字，根据文本长度自动调整行高），超出时省略号，鼠标悬浮查看全量信息。",XQ-W-CPMS-JX-20230512-0020,UIUE,首页-我的待办,我的待办,兼容性,L2,验证使用不同浏览器查看扣分原因样式显示正确,"1、下发月度打分待办
（zhangchun@hq.cmcc、D23781010AA0047）",1、使用IE、谷歌等浏览器查看扣分原因,1、不同浏览器页面显示正常,通过,马昱堇,MSIT,
9359,"【需求9359】【背景】当前合作单位考核功能，在评分模块中扣分理由无法全量查看，领导审批的时候看不到理由，急需优化。
【需求】后评估考核评分流转审批时，能全量查看到扣分理由。
【方案】
1、优化月度打分制评分表[实际扣分说明]展示方式，[实际扣分说明]“扣分原因”输入框拉长，默认列长40字符，行高默认一行，最大显示5行文字，鼠标双击时弹出多行文本框，文本框长度40字符，高度根据输入内容自动调整，可输入字段长度最大1000字符；鼠标点击文本框外任意区域时，收起文本框，并保存已输入内容；
2、评分审批页面，查看页面[扣分原因]字段默认显示长度设置为200字符（100个汉字），行高默认一行，最大显示5行文字（每行20个汉字，根据文本长度自动调整行高），超出时省略号，鼠标悬浮查看全量信息。",XQ-W-CPMS-JX-20230512-0020,UIUE,首页-我的待办,我的待办,输入框,L2,验证申诉页面鼠标移至扣分说明能展示全量的扣分原因,"1、下发月度打分待办
2、考核任务发生扣分-申诉
（xxjs17744553467）",1、鼠标移至扣分原因,1、悬浮框展示全量扣分原因,通过,马昱堇,MSIT,
9359,"【需求9359】【背景】当前合作单位考核功能，在评分模块中扣分理由无法全量查看，领导审批的时候看不到理由，急需优化。
【需求】后评估考核评分流转审批时，能全量查看到扣分理由。
【方案】
1、优化月度打分制评分表[实际扣分说明]展示方式，[实际扣分说明]“扣分原因”输入框拉长，默认列长40字符，行高默认一行，最大显示5行文字，鼠标双击时弹出多行文本框，文本框长度40字符，高度根据输入内容自动调整，可输入字段长度最大1000字符；鼠标点击文本框外任意区域时，收起文本框，并保存已输入内容；
2、评分审批页面，查看页面[扣分原因]字段默认显示长度设置为200字符（100个汉字），行高默认一行，最大显示5行文字（每行20个汉字，根据文本长度自动调整行高），超出时省略号，鼠标悬浮查看全量信息。",XQ-W-CPMS-JX-20230512-0020,UIUE,首页-我的待办,我的待办,输入框,L2,验证申诉页面鼠标移至扣分原因说明显示全量申诉说明,"1、下发月度打分待办
2、考核任务发生扣分-申诉
（xxjs17744553467）",1、鼠标移至扣分原因,1、悬浮框全量显示申诉说明,通过,马昱堇,MSIT,
9359,"【需求9359】【背景】当前合作单位考核功能，在评分模块中扣分理由无法全量查看，领导审批的时候看不到理由，急需优化。
【需求】后评估考核评分流转审批时，能全量查看到扣分理由。
【方案】
1、优化月度打分制评分表[实际扣分说明]展示方式，[实际扣分说明]“扣分原因”输入框拉长，默认列长40字符，行高默认一行，最大显示5行文字，鼠标双击时弹出多行文本框，文本框长度40字符，高度根据输入内容自动调整，可输入字段长度最大1000字符；鼠标点击文本框外任意区域时，收起文本框，并保存已输入内容；
2、评分审批页面，查看页面[扣分原因]字段默认显示长度设置为200字符（100个汉字），行高默认一行，最大显示5行文字（每行20个汉字，根据文本长度自动调整行高），超出时省略号，鼠标悬浮查看全量信息。",XQ-W-CPMS-JX-20230512-0020,UIUE,首页-我的待办,我的待办,输入框,L2,验证申诉页面鼠标移至申诉说明显示全量申诉说明,"1、下发月度打分待办
2、考核任务发生扣分-申诉
（xxjs17744553467）",1、鼠标移至申诉说明,1、悬浮框全量显示申诉说明,通过,马昱堇,MSIT,
9359,"【需求9359】【背景】当前合作单位考核功能，在评分模块中扣分理由无法全量查看，领导审批的时候看不到理由，急需优化。
【需求】后评估考核评分流转审批时，能全量查看到扣分理由。
【方案】
1、优化月度打分制评分表[实际扣分说明]展示方式，[实际扣分说明]“扣分原因”输入框拉长，默认列长40字符，行高默认一行，最大显示5行文字，鼠标双击时弹出多行文本框，文本框长度40字符，高度根据输入内容自动调整，可输入字段长度最大1000字符；鼠标点击文本框外任意区域时，收起文本框，并保存已输入内容；
2、评分审批页面，查看页面[扣分原因]字段默认显示长度设置为200字符（100个汉字），行高默认一行，最大显示5行文字（每行20个汉字，根据文本长度自动调整行高），超出时省略号，鼠标悬浮查看全量信息。",XQ-W-CPMS-JX-20230512-0020,UIUE,首页-我的待办,我的待办,输入框,L2,验证鼠标移至申诉指标处理列表-申诉前扣分原因能展示全量的扣分原因,"1、下发月度打分待办
2、考核任务发生扣分-申诉处理
（zhangchun@hq.cmcc、D23781010AA0047）",1、鼠标移至申诉前扣分原因,1、悬浮框全量显示申诉说明,通过,马昱堇,MSIT,
9359,"【需求9359】【背景】当前合作单位考核功能，在评分模块中扣分理由无法全量查看，领导审批的时候看不到理由，急需优化。
【需求】后评估考核评分流转审批时，能全量查看到扣分理由。
【方案】
1、优化月度打分制评分表[实际扣分说明]展示方式，[实际扣分说明]“扣分原因”输入框拉长，默认列长40字符，行高默认一行，最大显示5行文字，鼠标双击时弹出多行文本框，文本框长度40字符，高度根据输入内容自动调整，可输入字段长度最大1000字符；鼠标点击文本框外任意区域时，收起文本框，并保存已输入内容；
2、评分审批页面，查看页面[扣分原因]字段默认显示长度设置为200字符（100个汉字），行高默认一行，最大显示5行文字（每行20个汉字，根据文本长度自动调整行高），超出时省略号，鼠标悬浮查看全量信息。",XQ-W-CPMS-JX-20230512-0020,UIUE,首页-我的待办,我的待办,输入框,L2,验证鼠标移至申诉处理-扣分原因能展示全量的扣分原因,"1、下发月度打分待办
2、考核任务发生扣分-申诉处理
（zhangchun@hq.cmcc、D23781010AA0047）",1、鼠标移至扣分原因,1、悬浮框全量显示申诉说明,通过,马昱堇,MSIT,
9359,"【需求9359】【背景】当前合作单位考核功能，在评分模块中扣分理由无法全量查看，领导审批的时候看不到理由，急需优化。
【需求】后评估考核评分流转审批时，能全量查看到扣分理由。
【方案】
1、优化月度打分制评分表[实际扣分说明]展示方式，[实际扣分说明]“扣分原因”输入框拉长，默认列长40字符，行高默认一行，最大显示5行文字，鼠标双击时弹出多行文本框，文本框长度40字符，高度根据输入内容自动调整，可输入字段长度最大1000字符；鼠标点击文本框外任意区域时，收起文本框，并保存已输入内容；
2、评分审批页面，查看页面[扣分原因]字段默认显示长度设置为200字符（100个汉字），行高默认一行，最大显示5行文字（每行20个汉字，根据文本长度自动调整行高），超出时省略号，鼠标悬浮查看全量信息。",XQ-W-CPMS-JX-20230512-0020,UIUE,首页-我的待办,我的待办,输入框,L2,验证申诉审批页面点击申诉后原因、修改说明弹出弹框,"1、下发月度打分待办
2、考核任务发生扣分-申诉处理
（zhangchun@hq.cmcc、D23781010AA0047）",1、点击申诉后原因、修改说明,"1、弹出弹框
2、弹框能正常输入",通过,马昱堇,MSIT,
9359,"【需求9359】【背景】当前合作单位考核功能，在评分模块中扣分理由无法全量查看，领导审批的时候看不到理由，急需优化。
【需求】后评估考核评分流转审批时，能全量查看到扣分理由。
【方案】
1、优化月度打分制评分表[实际扣分说明]展示方式，[实际扣分说明]“扣分原因”输入框拉长，默认列长40字符，行高默认一行，最大显示5行文字，鼠标双击时弹出多行文本框，文本框长度40字符，高度根据输入内容自动调整，可输入字段长度最大1000字符；鼠标点击文本框外任意区域时，收起文本框，并保存已输入内容；
2、评分审批页面，查看页面[扣分原因]字段默认显示长度设置为200字符（100个汉字），行高默认一行，最大显示5行文字（每行20个汉字，根据文本长度自动调整行高），超出时省略号，鼠标悬浮查看全量信息。",XQ-W-CPMS-JX-20230512-0020,UIUE,首页-我的待办,我的待办,输入框,L2,验证申诉审批页面点击申诉后原因、修改说明输入小于等于500汉字能正常保存,"1、下发月度打分待办
2、考核任务发生扣分-申诉处理
（zhangchun@hq.cmcc、D23781010AA0047）","1、点击申诉后原因、修改说明弹出弹框
2、弹框输入小于等于500汉字
3、弹框输入大于500汉字","1、小于等于500汉字能正常输入
2、大于500汉字的内容无法输入",通过,马昱堇,MSIT,
9359,"【需求9359】【背景】当前合作单位考核功能，在评分模块中扣分理由无法全量查看，领导审批的时候看不到理由，急需优化。
【需求】后评估考核评分流转审批时，能全量查看到扣分理由。
【方案】
1、优化月度打分制评分表[实际扣分说明]展示方式，[实际扣分说明]“扣分原因”输入框拉长，默认列长40字符，行高默认一行，最大显示5行文字，鼠标双击时弹出多行文本框，文本框长度40字符，高度根据输入内容自动调整，可输入字段长度最大1000字符；鼠标点击文本框外任意区域时，收起文本框，并保存已输入内容；
2、评分审批页面，查看页面[扣分原因]字段默认显示长度设置为200字符（100个汉字），行高默认一行，最大显示5行文字（每行20个汉字，根据文本长度自动调整行高），超出时省略号，鼠标悬浮查看全量信息。",XQ-W-CPMS-JX-20230512-0020,UIUE,首页-我的待办,我的待办,输入框,L2,验证鼠标移至申诉审批页面-申诉指标处理列表，申诉后原因、修改说明，能悬浮展示全量内容,"1、下发月度打分待办
2、考核任务发生扣分-申诉
（zhangchun@hq.cmcc、D23781010AA0047）",1、鼠标移至申诉后原因、修改说明,1、悬浮弹框展示全量的说明,通过,马昱堇,MSIT,
9359,"【需求9359】【背景】当前合作单位考核功能，在评分模块中扣分理由无法全量查看，领导审批的时候看不到理由，急需优化。
【需求】后评估考核评分流转审批时，能全量查看到扣分理由。
【方案】
1、优化月度打分制评分表[实际扣分说明]展示方式，[实际扣分说明]“扣分原因”输入框拉长，默认列长40字符，行高默认一行，最大显示5行文字，鼠标双击时弹出多行文本框，文本框长度40字符，高度根据输入内容自动调整，可输入字段长度最大1000字符；鼠标点击文本框外任意区域时，收起文本框，并保存已输入内容；
2、评分审批页面，查看页面[扣分原因]字段默认显示长度设置为200字符（100个汉字），行高默认一行，最大显示5行文字（每行20个汉字，根据文本长度自动调整行高），超出时省略号，鼠标悬浮查看全量信息。",XQ-W-CPMS-JX-20230512-0020,UIUE,合作单位-合作单位考核-考核进度监控,考核进度监控,输入框,L2,验证鼠标移至扣分说明显示悬浮框展示全量扣分说明,"1、考核进度监控点击查看详情
（zhangchun@hq.cmcc、D23781010AA0047）",1、鼠标移至扣分说明,1、悬浮弹框展示全量的说明,通过,马昱堇,MSIT,
9494,"【需求9494】【背景】根据集团最新合作单位管理规范，建立合作单位组织机构信息库，信息库备案内容包括劳务用工合同（含劳务分包合同、劳务派遣合同及劳务作业分包单位或劳务派遣单位与相关劳务人员、派遣人员签订的劳动合同）
【需求】收集合作单位与劳务分包单位、劳务派遣单位签订的劳务分包/派遣合同附件，需要确认其有效性
【方案】
1、新增第三方机构备案功能，收集合作单位与劳务派遣/劳务分包/配合服务单位签订的劳务合同信息，包括：
1）结构化派遣单位名称（文本）、合同有效期（录入截止时间，必须是当前时间之后，必填）
2）提供附件上传功能，收集派遣单位营业执照（附件，必传）、备案证明（劳务分包单位在住建部的资质备案证明，附件，必传）、合作单位与派遣单位间的合同正文（附件，必传）
3）向合作单位信息员开放第三方合同备案模块的查询、查看、导出权限
4）由合作单位综合员录入本单位与第三方机构协作信息",,功能,合作单位-合作单位信息管理-第三方机构备案（外）,第三方机构备案,权限,L2,验证合作单位综合员能看到新增的第三方机构备案页面,"1、登录人为合作单位的综合员
（综合员0930）",1、查看合作单位-合作单位信息管理是否新增第三方机构备案页面,1、能看到第三方机构备案,通过,马昱堇,MSIT,
9494,"【需求9494】【背景】根据集团最新合作单位管理规范，建立合作单位组织机构信息库，信息库备案内容包括劳务用工合同（含劳务分包合同、劳务派遣合同及劳务作业分包单位或劳务派遣单位与相关劳务人员、派遣人员签订的劳动合同）
【需求】收集合作单位与劳务分包单位、劳务派遣单位签订的劳务分包/派遣合同附件，需要确认其有效性
【方案】
1、新增第三方机构备案功能，收集合作单位与劳务派遣/劳务分包/配合服务单位签订的劳务合同信息，包括：
1）结构化派遣单位名称（文本）、合同有效期（录入截止时间，必须是当前时间之后，必填）
2）提供附件上传功能，收集派遣单位营业执照（附件，必传）、备案证明（劳务分包单位在住建部的资质备案证明，附件，必传）、合作单位与派遣单位间的合同正文（附件，必传）
3）向合作单位信息员开放第三方合同备案模块的查询、查看、导出权限
4）由合作单位综合员录入本单位与第三方机构协作信息",,功能,合作单位-合作单位信息管理-第三方机构备案（外）,第三方机构备案,权限,L2,验证不是合作单位综合员不能看到新增的第三方机构备案页面,"1、登录人不是合作单位的综合员
（zzrl测试01）",1、项目部负责人等角色查看合作单位-合作单位信息管理是否新增第三方机构备案页面,1、不能看到第三方机构备案,通过,马昱堇,MSIT,
9494,"【需求9494】【背景】根据集团最新合作单位管理规范，建立合作单位组织机构信息库，信息库备案内容包括劳务用工合同（含劳务分包合同、劳务派遣合同及劳务作业分包单位或劳务派遣单位与相关劳务人员、派遣人员签订的劳动合同）
【需求】收集合作单位与劳务分包单位、劳务派遣单位签订的劳务分包/派遣合同附件，需要确认其有效性
【方案】
1、新增第三方机构备案功能，收集合作单位与劳务派遣/劳务分包/配合服务单位签订的劳务合同信息，包括：
1）结构化派遣单位名称（文本）、合同有效期（录入截止时间，必须是当前时间之后，必填）
2）提供附件上传功能，收集派遣单位营业执照（附件，必传）、备案证明（劳务分包单位在住建部的资质备案证明，附件，必传）、合作单位与派遣单位间的合同正文（附件，必传）
3）向合作单位信息员开放第三方合同备案模块的查询、查看、导出权限
4）由合作单位综合员录入本单位与第三方机构协作信息",,UIUE,合作单位-合作单位信息管理-第三方机构备案（外）,第三方机构备案,页面显示,L2,验证第三方机构备案面包屑显示正确,"1、合作单位综合员登录
（综合员0930）",1、选择合作单位-合作单位信息管理-第三方机构备案（外）查看面包屑,1、面包屑：合作单位信息管理-第三方机构备案,通过,马昱堇,MSIT,
9494,"【需求9494】【背景】根据集团最新合作单位管理规范，建立合作单位组织机构信息库，信息库备案内容包括劳务用工合同（含劳务分包合同、劳务派遣合同及劳务作业分包单位或劳务派遣单位与相关劳务人员、派遣人员签订的劳动合同）
【需求】收集合作单位与劳务分包单位、劳务派遣单位签订的劳务分包/派遣合同附件，需要确认其有效性
【方案】
1、新增第三方机构备案功能，收集合作单位与劳务派遣/劳务分包/配合服务单位签订的劳务合同信息，包括：
1）结构化派遣单位名称（文本）、合同有效期（录入截止时间，必须是当前时间之后，必填）
2）提供附件上传功能，收集派遣单位营业执照（附件，必传）、备案证明（劳务分包单位在住建部的资质备案证明，附件，必传）、合作单位与派遣单位间的合同正文（附件，必传）
3）向合作单位信息员开放第三方合同备案模块的查询、查看、导出权限
4）由合作单位综合员录入本单位与第三方机构协作信息",,功能,合作单位-合作单位信息管理-第三方机构备案（外）,第三方机构备案,查询,L2,验证第三方机构备案搜索条件显示正确,"1、合作单位综合员登录
（综合员0930）",1、查看合作单位名称、合作单位编码、合作性质搜索条件选择范围,"1、合作单位名称、合作单位编码：自动带出当前合作单位信息，置灰不允许编辑
2、合作单位性质：下拉框，默认为请选择，可选择范围劳务派遣/劳务分包/配合服务",通过,马昱堇,MSIT,
9494,"【需求9494】【背景】根据集团最新合作单位管理规范，建立合作单位组织机构信息库，信息库备案内容包括劳务用工合同（含劳务分包合同、劳务派遣合同及劳务作业分包单位或劳务派遣单位与相关劳务人员、派遣人员签订的劳动合同）
【需求】收集合作单位与劳务分包单位、劳务派遣单位签订的劳务分包/派遣合同附件，需要确认其有效性
【方案】
1、新增第三方机构备案功能，收集合作单位与劳务派遣/劳务分包/配合服务单位签订的劳务合同信息，包括：
1）结构化派遣单位名称（文本）、合同有效期（录入截止时间，必须是当前时间之后，必填）
2）提供附件上传功能，收集派遣单位营业执照（附件，必传）、备案证明（劳务分包单位在住建部的资质备案证明，附件，必传）、合作单位与派遣单位间的合同正文（附件，必传）
3）向合作单位信息员开放第三方合同备案模块的查询、查看、导出权限
4）由合作单位综合员录入本单位与第三方机构协作信息",,功能,合作单位-合作单位信息管理-第三方机构备案（外）,第三方机构备案,查询,L2,验证第三方机构备案搜索功能可以正常使用,"1、合作单位综合员登录
（综合员0930）","1、选择合作性质点击搜索
2、点击重置查看搜索条件","1、能正常搜索，搜索结果正确
2、点击重置合作单位名称、合作单位编码置灰不变，合作性质变为默认值",通过,马昱堇,MSIT,
9494,"【需求9494】【背景】根据集团最新合作单位管理规范，建立合作单位组织机构信息库，信息库备案内容包括劳务用工合同（含劳务分包合同、劳务派遣合同及劳务作业分包单位或劳务派遣单位与相关劳务人员、派遣人员签订的劳动合同）
【需求】收集合作单位与劳务分包单位、劳务派遣单位签订的劳务分包/派遣合同附件，需要确认其有效性
【方案】
1、新增第三方机构备案功能，收集合作单位与劳务派遣/劳务分包/配合服务单位签订的劳务合同信息，包括：
1）结构化派遣单位名称（文本）、合同有效期（录入截止时间，必须是当前时间之后，必填）
2）提供附件上传功能，收集派遣单位营业执照（附件，必传）、备案证明（劳务分包单位在住建部的资质备案证明，附件，必传）、合作单位与派遣单位间的合同正文（附件，必传）
3）向合作单位信息员开放第三方合同备案模块的查询、查看、导出权限
4）由合作单位综合员录入本单位与第三方机构协作信息",,UIUE,合作单位-合作单位信息管理-第三方机构备案（外）,第三方机构备案,页面显示,L2,验证第三方机构备案列表显示正确（参考原型图）,"1、合作单位综合员登录
（综合员0930）",1、查看第三方机构备案列表字段,1、列表显示：操作、序号、合作单位名称、合作单位编码、第三方机构名称、合作性质、合同有效期、合同扫描件、营业执照、备案证明,通过,马昱堇,MSIT,
9494,"【需求9494】【背景】根据集团最新合作单位管理规范，建立合作单位组织机构信息库，信息库备案内容包括劳务用工合同（含劳务分包合同、劳务派遣合同及劳务作业分包单位或劳务派遣单位与相关劳务人员、派遣人员签订的劳动合同）
【需求】收集合作单位与劳务分包单位、劳务派遣单位签订的劳务分包/派遣合同附件，需要确认其有效性
【方案】
1、新增第三方机构备案功能，收集合作单位与劳务派遣/劳务分包/配合服务单位签订的劳务合同信息，包括：
1）结构化派遣单位名称（文本）、合同有效期（录入截止时间，必须是当前时间之后，必填）
2）提供附件上传功能，收集派遣单位营业执照（附件，必传）、备案证明（劳务分包单位在住建部的资质备案证明，附件，必传）、合作单位与派遣单位间的合同正文（附件，必传）
3）向合作单位信息员开放第三方合同备案模块的查询、查看、导出权限
4）由合作单位综合员录入本单位与第三方机构协作信息",,UIUE,合作单位-合作单位信息管理-第三方机构备案（外）,第三方机构备案,页面显示,L2,验证合作单位综合员未新增时，第三方机构备案列表显示为空,"1、合作单位综合员登录
（综合员0930）",1、查看第三方机构备案列表,1、显示为空,通过,马昱堇,MSIT,
9494,"【需求9494】【背景】根据集团最新合作单位管理规范，建立合作单位组织机构信息库，信息库备案内容包括劳务用工合同（含劳务分包合同、劳务派遣合同及劳务作业分包单位或劳务派遣单位与相关劳务人员、派遣人员签订的劳动合同）
【需求】收集合作单位与劳务分包单位、劳务派遣单位签订的劳务分包/派遣合同附件，需要确认其有效性
【方案】
1、新增第三方机构备案功能，收集合作单位与劳务派遣/劳务分包/配合服务单位签订的劳务合同信息，包括：
1）结构化派遣单位名称（文本）、合同有效期（录入截止时间，必须是当前时间之后，必填）
2）提供附件上传功能，收集派遣单位营业执照（附件，必传）、备案证明（劳务分包单位在住建部的资质备案证明，附件，必传）、合作单位与派遣单位间的合同正文（附件，必传）
3）向合作单位信息员开放第三方合同备案模块的查询、查看、导出权限
4）由合作单位综合员录入本单位与第三方机构协作信息",,UIUE,合作单位-合作单位信息管理-第三方机构备案（外）,第三方机构备案,页面显示,L2,验证第三方机构备案点击新增时弹框显示正确（参考原型图）,"1、合作单位综合员登录
（综合员0930）",1、第三方机构备案点击新增,"1、弹出弹框
2、显示7个必填字段，布局正确符合原型图",通过,马昱堇,MSIT,
9494,"【需求9494】【背景】根据集团最新合作单位管理规范，建立合作单位组织机构信息库，信息库备案内容包括劳务用工合同（含劳务分包合同、劳务派遣合同及劳务作业分包单位或劳务派遣单位与相关劳务人员、派遣人员签订的劳动合同）
【需求】收集合作单位与劳务分包单位、劳务派遣单位签订的劳务分包/派遣合同附件，需要确认其有效性
【方案】
1、新增第三方机构备案功能，收集合作单位与劳务派遣/劳务分包/配合服务单位签订的劳务合同信息，包括：
1）结构化派遣单位名称（文本）、合同有效期（录入截止时间，必须是当前时间之后，必填）
2）提供附件上传功能，收集派遣单位营业执照（附件，必传）、备案证明（劳务分包单位在住建部的资质备案证明，附件，必传）、合作单位与派遣单位间的合同正文（附件，必传）
3）向合作单位信息员开放第三方合同备案模块的查询、查看、导出权限
4）由合作单位综合员录入本单位与第三方机构协作信息",,UIUE,合作单位-合作单位信息管理-第三方机构备案（外）,第三方机构备案,页面显示,L2,验证第三方机构备案弹框中的字段合作单位名称、合作单位编码显示正确,"1、合作单位综合员登录
2、第三方机构备案点击新增
（综合员0930）",1、查看合作单位名称、合作单位编码显示内容,"1、合作单位名称、合作单位编码必填
2、自动带出当前合作单位的名称、编码，置灰不允许编辑
3、自动带出的名称、编码正确",通过,马昱堇,MSIT,
9494,"【需求9494】【背景】根据集团最新合作单位管理规范，建立合作单位组织机构信息库，信息库备案内容包括劳务用工合同（含劳务分包合同、劳务派遣合同及劳务作业分包单位或劳务派遣单位与相关劳务人员、派遣人员签订的劳动合同）
【需求】收集合作单位与劳务分包单位、劳务派遣单位签订的劳务分包/派遣合同附件，需要确认其有效性
【方案】
1、新增第三方机构备案功能，收集合作单位与劳务派遣/劳务分包/配合服务单位签订的劳务合同信息，包括：
1）结构化派遣单位名称（文本）、合同有效期（录入截止时间，必须是当前时间之后，必填）
2）提供附件上传功能，收集派遣单位营业执照（附件，必传）、备案证明（劳务分包单位在住建部的资质备案证明，附件，必传）、合作单位与派遣单位间的合同正文（附件，必传）
3）向合作单位信息员开放第三方合同备案模块的查询、查看、导出权限
4）由合作单位综合员录入本单位与第三方机构协作信息",,UIUE,合作单位-合作单位信息管理-第三方机构备案（外）,第三方机构备案,页面显示,L2,验证第三方机构备案弹框中的字段第三方机构名称显示正确,"1、合作单位综合员登录
2、第三方机构备案点击新增
（综合员0930）","1、第三方机构备案点击新增
2、输入100以上的字
3、输入100以内字，点击确定","1、第三方机构名称必填，未填时不能正常保存
2、限制100字，超过100字的部分不能输入
3、小于等于100的字能正常保存",通过,马昱堇,MSIT,
9494,"【需求9494】【背景】根据集团最新合作单位管理规范，建立合作单位组织机构信息库，信息库备案内容包括劳务用工合同（含劳务分包合同、劳务派遣合同及劳务作业分包单位或劳务派遣单位与相关劳务人员、派遣人员签订的劳动合同）
【需求】收集合作单位与劳务分包单位、劳务派遣单位签订的劳务分包/派遣合同附件，需要确认其有效性
【方案】
1、新增第三方机构备案功能，收集合作单位与劳务派遣/劳务分包/配合服务单位签订的劳务合同信息，包括：
1）结构化派遣单位名称（文本）、合同有效期（录入截止时间，必须是当前时间之后，必填）
2）提供附件上传功能，收集派遣单位营业执照（附件，必传）、备案证明（劳务分包单位在住建部的资质备案证明，附件，必传）、合作单位与派遣单位间的合同正文（附件，必传）
3）向合作单位信息员开放第三方合同备案模块的查询、查看、导出权限
4）由合作单位综合员录入本单位与第三方机构协作信息",,UIUE,合作单位-合作单位信息管理-第三方机构备案（外）,第三方机构备案,页面显示,L2,验证第三方机构备案弹框中的字段合作性质选择范围正确,"1、合作单位综合员登录
2、第三方机构备案点击新增
（综合员0930）","1、不选择合作性质点击确定
2、点击合作性质查看选择范围
3、选择合作性质点击确定","1、不选择直接保存时弹出提示不能保存
2、下拉框展示，选择范围劳务派遣/劳务分包/配合服务
3、选择合作性质后能正常保存",通过,马昱堇,MSIT,
9494,"【需求9494】【背景】根据集团最新合作单位管理规范，建立合作单位组织机构信息库，信息库备案内容包括劳务用工合同（含劳务分包合同、劳务派遣合同及劳务作业分包单位或劳务派遣单位与相关劳务人员、派遣人员签订的劳动合同）
【需求】收集合作单位与劳务分包单位、劳务派遣单位签订的劳务分包/派遣合同附件，需要确认其有效性
【方案】
1、新增第三方机构备案功能，收集合作单位与劳务派遣/劳务分包/配合服务单位签订的劳务合同信息，包括：
1）结构化派遣单位名称（文本）、合同有效期（录入截止时间，必须是当前时间之后，必填）
2）提供附件上传功能，收集派遣单位营业执照（附件，必传）、备案证明（劳务分包单位在住建部的资质备案证明，附件，必传）、合作单位与派遣单位间的合同正文（附件，必传）
3）向合作单位信息员开放第三方合同备案模块的查询、查看、导出权限
4）由合作单位综合员录入本单位与第三方机构协作信息",,UIUE,合作单位-合作单位信息管理-第三方机构备案（外）,第三方机构备案,页面显示,L2,验证第三方机构备案弹框中的字段合同有效期选择范围正确,"1、合作单位综合员登录
2、第三方机构备案点击新增
（综合员0930）","1、不选择合同有效期点击确定
2、点击合同有效期查看选择范围
3、选择合同有效期点击确定","1、不选择直接保存时弹出提示不能保存
2、能选择的日期为当前以后的日期
3、选择合同有效期后能正常保存，显示样式xxxx-xx-xx",通过,马昱堇,MSIT,
9494,"【需求9494】【背景】根据集团最新合作单位管理规范，建立合作单位组织机构信息库，信息库备案内容包括劳务用工合同（含劳务分包合同、劳务派遣合同及劳务作业分包单位或劳务派遣单位与相关劳务人员、派遣人员签订的劳动合同）
【需求】收集合作单位与劳务分包单位、劳务派遣单位签订的劳务分包/派遣合同附件，需要确认其有效性
【方案】
1、新增第三方机构备案功能，收集合作单位与劳务派遣/劳务分包/配合服务单位签订的劳务合同信息，包括：
1）结构化派遣单位名称（文本）、合同有效期（录入截止时间，必须是当前时间之后，必填）
2）提供附件上传功能，收集派遣单位营业执照（附件，必传）、备案证明（劳务分包单位在住建部的资质备案证明，附件，必传）、合作单位与派遣单位间的合同正文（附件，必传）
3）向合作单位信息员开放第三方合同备案模块的查询、查看、导出权限
4）由合作单位综合员录入本单位与第三方机构协作信息",,UIUE,合作单位-合作单位信息管理-第三方机构备案（外）,第三方机构备案,页面显示,L2,验证第三方机构备案弹框中的字段合同扫描件、营业执照、备案证明上传功能正常,"1、合作单位综合员登录
2、第三方机构备案点击新增
（综合员0930）","1、不上传合同扫描件、营业执照、备案证明附件点击确定
2、上传多个附件
3、上传附件点击删除
4、上传不同类型的附件（1个）点击保存","1、不上传直接保存时弹出提示不能保存
2、不能上传多个附件
3、上传附件后能正常删除
4、能上传不同类型的附件，只上传1个附件能正常保存",通过,马昱堇,MSIT,
9494,"【需求9494】【背景】根据集团最新合作单位管理规范，建立合作单位组织机构信息库，信息库备案内容包括劳务用工合同（含劳务分包合同、劳务派遣合同及劳务作业分包单位或劳务派遣单位与相关劳务人员、派遣人员签订的劳动合同）
【需求】收集合作单位与劳务分包单位、劳务派遣单位签订的劳务分包/派遣合同附件，需要确认其有效性
【方案】
1、新增第三方机构备案功能，收集合作单位与劳务派遣/劳务分包/配合服务单位签订的劳务合同信息，包括：
1）结构化派遣单位名称（文本）、合同有效期（录入截止时间，必须是当前时间之后，必填）
2）提供附件上传功能，收集派遣单位营业执照（附件，必传）、备案证明（劳务分包单位在住建部的资质备案证明，附件，必传）、合作单位与派遣单位间的合同正文（附件，必传）
3）向合作单位信息员开放第三方合同备案模块的查询、查看、导出权限
4）由合作单位综合员录入本单位与第三方机构协作信息",,UIUE,合作单位-合作单位信息管理-第三方机构备案（外）,第三方机构备案,页面显示,L2,验证第三方机构备案弹框点击取消不会保存当前填写内容,"1、合作单位综合员登录
2、第三方机构备案点击新增
（综合员0930）","1、填写弹框内容
2、点击取消",1、弹框消失，列表没有新增,通过,马昱堇,MSIT,
9494,"【需求9494】【背景】根据集团最新合作单位管理规范，建立合作单位组织机构信息库，信息库备案内容包括劳务用工合同（含劳务分包合同、劳务派遣合同及劳务作业分包单位或劳务派遣单位与相关劳务人员、派遣人员签订的劳动合同）
【需求】收集合作单位与劳务分包单位、劳务派遣单位签订的劳务分包/派遣合同附件，需要确认其有效性
【方案】
1、新增第三方机构备案功能，收集合作单位与劳务派遣/劳务分包/配合服务单位签订的劳务合同信息，包括：
1）结构化派遣单位名称（文本）、合同有效期（录入截止时间，必须是当前时间之后，必填）
2）提供附件上传功能，收集派遣单位营业执照（附件，必传）、备案证明（劳务分包单位在住建部的资质备案证明，附件，必传）、合作单位与派遣单位间的合同正文（附件，必传）
3）向合作单位信息员开放第三方合同备案模块的查询、查看、导出权限
4）由合作单位综合员录入本单位与第三方机构协作信息",,UIUE,合作单位-合作单位信息管理-第三方机构备案（外）,第三方机构备案,页面显示,L2,验证第三方机构备案弹框点击确定保存当前填写内容,"1、合作单位综合员登录
2、第三方机构备案点击新增
（综合员0930）","1、填写弹框内容
2、点击确定",1、弹框消失，列表新增一行，显示内容和填写的内容一致,通过,马昱堇,MSIT,
9494,"【需求9494】【背景】根据集团最新合作单位管理规范，建立合作单位组织机构信息库，信息库备案内容包括劳务用工合同（含劳务分包合同、劳务派遣合同及劳务作业分包单位或劳务派遣单位与相关劳务人员、派遣人员签订的劳动合同）
【需求】收集合作单位与劳务分包单位、劳务派遣单位签订的劳务分包/派遣合同附件，需要确认其有效性
【方案】
1、新增第三方机构备案功能，收集合作单位与劳务派遣/劳务分包/配合服务单位签订的劳务合同信息，包括：
1）结构化派遣单位名称（文本）、合同有效期（录入截止时间，必须是当前时间之后，必填）
2）提供附件上传功能，收集派遣单位营业执照（附件，必传）、备案证明（劳务分包单位在住建部的资质备案证明，附件，必传）、合作单位与派遣单位间的合同正文（附件，必传）
3）向合作单位信息员开放第三方合同备案模块的查询、查看、导出权限
4）由合作单位综合员录入本单位与第三方机构协作信息",,UIUE,合作单位-合作单位信息管理-第三方机构备案（外）,第三方机构备案,页面显示,L2,验证综合员维护后第三方机构备案列表合同扫描件、营业执照、备案证明显示正确,"1、合作单位综合员登录
2、第三方机构备案点击新增-确定（综合员0930）","1、查看合同扫描件、营业执照、备案证明样式
2、点击合同扫描件、营业执照、备案证明","1、合同扫描件、营业执照、备案证明显示为超链接
2、点击合同扫描件、营业执照、备案证明可正常下载，下载的文件内容正确",通过,马昱堇,MSIT,
9494,"【需求9494】【背景】根据集团最新合作单位管理规范，建立合作单位组织机构信息库，信息库备案内容包括劳务用工合同（含劳务分包合同、劳务派遣合同及劳务作业分包单位或劳务派遣单位与相关劳务人员、派遣人员签订的劳动合同）
【需求】收集合作单位与劳务分包单位、劳务派遣单位签订的劳务分包/派遣合同附件，需要确认其有效性
【方案】
1、新增第三方机构备案功能，收集合作单位与劳务派遣/劳务分包/配合服务单位签订的劳务合同信息，包括：
1）结构化派遣单位名称（文本）、合同有效期（录入截止时间，必须是当前时间之后，必填）
2）提供附件上传功能，收集派遣单位营业执照（附件，必传）、备案证明（劳务分包单位在住建部的资质备案证明，附件，必传）、合作单位与派遣单位间的合同正文（附件，必传）
3）向合作单位信息员开放第三方合同备案模块的查询、查看、导出权限
4）由合作单位综合员录入本单位与第三方机构协作信息",,UIUE,合作单位-合作单位信息管理-第三方机构备案（外）,第三方机构备案,页面显示,L2,验证综合员维护后第三方机构备案列表合同有效期显示正确,"1、合作单位综合员登录
2、第三方机构备案点击新增-确定（综合员0930）",1、查看合同有效期时间,"1、合同有效期展示为xxxx-xx-xx
2、合同有效期时间大于等于当前日期，显示颜色为黑色
3、合同有效期时间小于当前日期，显示颜色为红色",通过,马昱堇,MSIT,
9494,"【需求9494】【背景】根据集团最新合作单位管理规范，建立合作单位组织机构信息库，信息库备案内容包括劳务用工合同（含劳务分包合同、劳务派遣合同及劳务作业分包单位或劳务派遣单位与相关劳务人员、派遣人员签订的劳动合同）
【需求】收集合作单位与劳务分包单位、劳务派遣单位签订的劳务分包/派遣合同附件，需要确认其有效性
【方案】
1、新增第三方机构备案功能，收集合作单位与劳务派遣/劳务分包/配合服务单位签订的劳务合同信息，包括：
1）结构化派遣单位名称（文本）、合同有效期（录入截止时间，必须是当前时间之后，必填）
2）提供附件上传功能，收集派遣单位营业执照（附件，必传）、备案证明（劳务分包单位在住建部的资质备案证明，附件，必传）、合作单位与派遣单位间的合同正文（附件，必传）
3）向合作单位信息员开放第三方合同备案模块的查询、查看、导出权限
4）由合作单位综合员录入本单位与第三方机构协作信息",,UIUE,合作单位-合作单位信息管理-第三方机构备案（外）,第三方机构备案,页面显示,L2,验证第三方机构备案列表点击编辑弹框内容显示正确,"1、合作单位综合员登录
2、第三方机构备案列表点击编辑
（综合员0930）","1、查看弹框内容
2、点击取消
3、点击确定","1、弹框自动带出列表展示数据。除合作单位名称、合作单位编码外都可修改
2、点击取消不保存修改，列表不变
3、点击确定保存修改，列表展示修改后的数据",通过,马昱堇,MSIT,
9494,"【需求9494】【背景】根据集团最新合作单位管理规范，建立合作单位组织机构信息库，信息库备案内容包括劳务用工合同（含劳务分包合同、劳务派遣合同及劳务作业分包单位或劳务派遣单位与相关劳务人员、派遣人员签订的劳动合同）
【需求】收集合作单位与劳务分包单位、劳务派遣单位签订的劳务分包/派遣合同附件，需要确认其有效性
【方案】
1、新增第三方机构备案功能，收集合作单位与劳务派遣/劳务分包/配合服务单位签订的劳务合同信息，包括：
1）结构化派遣单位名称（文本）、合同有效期（录入截止时间，必须是当前时间之后，必填）
2）提供附件上传功能，收集派遣单位营业执照（附件，必传）、备案证明（劳务分包单位在住建部的资质备案证明，附件，必传）、合作单位与派遣单位间的合同正文（附件，必传）
3）向合作单位信息员开放第三方合同备案模块的查询、查看、导出权限
4）由合作单位综合员录入本单位与第三方机构协作信息",,UIUE,合作单位-合作单位信息管理-第三方机构备案（外）,第三方机构备案,分页,L2,验证第三方机构备案列表分页功能正常,"1、合作单位综合员登录
（综合员0930）","1、第三方机构备案列表点击切换页码，跳转指定页
2、切换每页展示条数","1、能正常切换页码，跳转指定页
2、切换每页展示条数页面显示正确",通过,马昱堇,MSIT,
9494,"【需求9494】【背景】根据集团最新合作单位管理规范，建立合作单位组织机构信息库，信息库备案内容包括劳务用工合同（含劳务分包合同、劳务派遣合同及劳务作业分包单位或劳务派遣单位与相关劳务人员、派遣人员签订的劳动合同）
【需求】收集合作单位与劳务分包单位、劳务派遣单位签订的劳务分包/派遣合同附件，需要确认其有效性
【方案】
1、新增第三方机构备案功能，收集合作单位与劳务派遣/劳务分包/配合服务单位签订的劳务合同信息，包括：
1）结构化派遣单位名称（文本）、合同有效期（录入截止时间，必须是当前时间之后，必填）
2）提供附件上传功能，收集派遣单位营业执照（附件，必传）、备案证明（劳务分包单位在住建部的资质备案证明，附件，必传）、合作单位与派遣单位间的合同正文（附件，必传）
3）向合作单位信息员开放第三方合同备案模块的查询、查看、导出权限
4）由合作单位综合员录入本单位与第三方机构协作信息",,功能,合作单位-合作单位信息管理-第三方机构备案（内）,第三方机构备案,权限,L2,验证合作单位管理员能看到新增的第三方机构备案页面,"1、登录人有合作单位管理员的角色
2、合作单位管理员可以看到第三方机构备案菜单（nihongwei@hq.cmcc）",1、查看合作单位-合作单位信息管理是否新增第三方机构备案页面,1、能看到第三方机构备案,通过,马昱堇,MSIT,
9494,"【需求9494】【背景】根据集团最新合作单位管理规范，建立合作单位组织机构信息库，信息库备案内容包括劳务用工合同（含劳务分包合同、劳务派遣合同及劳务作业分包单位或劳务派遣单位与相关劳务人员、派遣人员签订的劳动合同）
【需求】收集合作单位与劳务分包单位、劳务派遣单位签订的劳务分包/派遣合同附件，需要确认其有效性
【方案】
1、新增第三方机构备案功能，收集合作单位与劳务派遣/劳务分包/配合服务单位签订的劳务合同信息，包括：
1）结构化派遣单位名称（文本）、合同有效期（录入截止时间，必须是当前时间之后，必填）
2）提供附件上传功能，收集派遣单位营业执照（附件，必传）、备案证明（劳务分包单位在住建部的资质备案证明，附件，必传）、合作单位与派遣单位间的合同正文（附件，必传）
3）向合作单位信息员开放第三方合同备案模块的查询、查看、导出权限
4）由合作单位综合员录入本单位与第三方机构协作信息",,功能,合作单位-合作单位信息管理-第三方机构备案（内）,第三方机构备案,权限,L2,验证没有合作单位管理员角色不能看到新增的第三方机构备案页面,1、登录人没有合作单位管理员的角色（nihongwei@hq.cmcc）,1、当前登录人没有合作单位管理员角色时查看合作单位-合作单位信息管理是否新增第三方机构备案页面,1、不能看到第三方机构备案,通过,马昱堇,MSIT,
9494,"【需求9494】【背景】根据集团最新合作单位管理规范，建立合作单位组织机构信息库，信息库备案内容包括劳务用工合同（含劳务分包合同、劳务派遣合同及劳务作业分包单位或劳务派遣单位与相关劳务人员、派遣人员签订的劳动合同）
【需求】收集合作单位与劳务分包单位、劳务派遣单位签订的劳务分包/派遣合同附件，需要确认其有效性
【方案】
1、新增第三方机构备案功能，收集合作单位与劳务派遣/劳务分包/配合服务单位签订的劳务合同信息，包括：
1）结构化派遣单位名称（文本）、合同有效期（录入截止时间，必须是当前时间之后，必填）
2）提供附件上传功能，收集派遣单位营业执照（附件，必传）、备案证明（劳务分包单位在住建部的资质备案证明，附件，必传）、合作单位与派遣单位间的合同正文（附件，必传）
3）向合作单位信息员开放第三方合同备案模块的查询、查看、导出权限
4）由合作单位综合员录入本单位与第三方机构协作信息",,UIUE,合作单位-合作单位信息管理-第三方机构备案（内）,第三方机构备案,页面显示,L2,验证第三方机构备案面包屑显示正确,"1、合作单位管理员登录
（nihongwei@hq.cmcc）",1、选择合作单位-合作单位信息管理-第三方机构备案（外）查看面包屑,1、面包屑：合作单位信息管理-第三方机构备案,通过,马昱堇,MSIT,
9494,"【需求9494】【背景】根据集团最新合作单位管理规范，建立合作单位组织机构信息库，信息库备案内容包括劳务用工合同（含劳务分包合同、劳务派遣合同及劳务作业分包单位或劳务派遣单位与相关劳务人员、派遣人员签订的劳动合同）
【需求】收集合作单位与劳务分包单位、劳务派遣单位签订的劳务分包/派遣合同附件，需要确认其有效性
【方案】
1、新增第三方机构备案功能，收集合作单位与劳务派遣/劳务分包/配合服务单位签订的劳务合同信息，包括：
1）结构化派遣单位名称（文本）、合同有效期（录入截止时间，必须是当前时间之后，必填）
2）提供附件上传功能，收集派遣单位营业执照（附件，必传）、备案证明（劳务分包单位在住建部的资质备案证明，附件，必传）、合作单位与派遣单位间的合同正文（附件，必传）
3）向合作单位信息员开放第三方合同备案模块的查询、查看、导出权限
4）由合作单位综合员录入本单位与第三方机构协作信息",,功能,合作单位-合作单位信息管理-第三方机构备案（内）,第三方机构备案,查询,L2,验证第三方机构备案搜索条件显示正确,"1、合作单位管理员登录
（nihongwei@hq.cmcc）",1、查看合作单位名称、合作单位编码、合作性质搜索条件选择范围,"1、合作单位名称、合作单位编码：输入框形式，超过20字无法输入
2、合作单位性质：下拉框，默认为请选择，可选择范围劳务派遣/劳务分包/配合服务",通过,马昱堇,MSIT,
9494,"【需求9494】【背景】根据集团最新合作单位管理规范，建立合作单位组织机构信息库，信息库备案内容包括劳务用工合同（含劳务分包合同、劳务派遣合同及劳务作业分包单位或劳务派遣单位与相关劳务人员、派遣人员签订的劳动合同）
【需求】收集合作单位与劳务分包单位、劳务派遣单位签订的劳务分包/派遣合同附件，需要确认其有效性
【方案】
1、新增第三方机构备案功能，收集合作单位与劳务派遣/劳务分包/配合服务单位签订的劳务合同信息，包括：
1）结构化派遣单位名称（文本）、合同有效期（录入截止时间，必须是当前时间之后，必填）
2）提供附件上传功能，收集派遣单位营业执照（附件，必传）、备案证明（劳务分包单位在住建部的资质备案证明，附件，必传）、合作单位与派遣单位间的合同正文（附件，必传）
3）向合作单位信息员开放第三方合同备案模块的查询、查看、导出权限
4）由合作单位综合员录入本单位与第三方机构协作信息",,功能,合作单位-合作单位信息管理-第三方机构备案（内）,第三方机构备案,查询,L2,验证第三方机构备案搜索功能可以正常使用,"1、合作单位管理员登录
（nihongwei@hq.cmcc）","1、输入合作单位名称、合作单位编码，选择合作性质点击搜索/使用回车搜索
2、点击重置查看搜索条件","1、能正常搜索，搜索结果正确
2、点击重置合作单位名称、合作单位编码、合作性质清空",通过,马昱堇,MSIT,
9494,"【需求9494】【背景】根据集团最新合作单位管理规范，建立合作单位组织机构信息库，信息库备案内容包括劳务用工合同（含劳务分包合同、劳务派遣合同及劳务作业分包单位或劳务派遣单位与相关劳务人员、派遣人员签订的劳动合同）
【需求】收集合作单位与劳务分包单位、劳务派遣单位签订的劳务分包/派遣合同附件，需要确认其有效性
【方案】
1、新增第三方机构备案功能，收集合作单位与劳务派遣/劳务分包/配合服务单位签订的劳务合同信息，包括：
1）结构化派遣单位名称（文本）、合同有效期（录入截止时间，必须是当前时间之后，必填）
2）提供附件上传功能，收集派遣单位营业执照（附件，必传）、备案证明（劳务分包单位在住建部的资质备案证明，附件，必传）、合作单位与派遣单位间的合同正文（附件，必传）
3）向合作单位信息员开放第三方合同备案模块的查询、查看、导出权限
4）由合作单位综合员录入本单位与第三方机构协作信息",,UIUE,合作单位-合作单位信息管理-第三方机构备案（内）,第三方机构备案,页面显示,L2,验证第三方机构备案列表显示正确（参考原型图）,"1、合作单位管理员登录
（nihongwei@hq.cmcc）",1、查看第三方机构备案列表字段,1、列表显示：序号、合作单位名称、合作单位编码、第三方机构名称、合作性质、合同有效期、合同扫描件、营业执照、备案证明,通过,马昱堇,MSIT,
9494,"【需求9494】【背景】根据集团最新合作单位管理规范，建立合作单位组织机构信息库，信息库备案内容包括劳务用工合同（含劳务分包合同、劳务派遣合同及劳务作业分包单位或劳务派遣单位与相关劳务人员、派遣人员签订的劳动合同）
【需求】收集合作单位与劳务分包单位、劳务派遣单位签订的劳务分包/派遣合同附件，需要确认其有效性
【方案】
1、新增第三方机构备案功能，收集合作单位与劳务派遣/劳务分包/配合服务单位签订的劳务合同信息，包括：
1）结构化派遣单位名称（文本）、合同有效期（录入截止时间，必须是当前时间之后，必填）
2）提供附件上传功能，收集派遣单位营业执照（附件，必传）、备案证明（劳务分包单位在住建部的资质备案证明，附件，必传）、合作单位与派遣单位间的合同正文（附件，必传）
3）向合作单位信息员开放第三方合同备案模块的查询、查看、导出权限
4）由合作单位综合员录入本单位与第三方机构协作信息",,UIUE,合作单位-合作单位信息管理-第三方机构备案（内）,第三方机构备案,页面显示,L2,验证合作单位综合员未新增时，第三方机构备案列表显示为空,"1、合作单位管理员登录
（nihongwei@hq.cmcc）",1、查看第三方机构备案列表,1、显示为空,通过,马昱堇,MSIT,
9494,"【需求9494】【背景】根据集团最新合作单位管理规范，建立合作单位组织机构信息库，信息库备案内容包括劳务用工合同（含劳务分包合同、劳务派遣合同及劳务作业分包单位或劳务派遣单位与相关劳务人员、派遣人员签订的劳动合同）
【需求】收集合作单位与劳务分包单位、劳务派遣单位签订的劳务分包/派遣合同附件，需要确认其有效性
【方案】
1、新增第三方机构备案功能，收集合作单位与劳务派遣/劳务分包/配合服务单位签订的劳务合同信息，包括：
1）结构化派遣单位名称（文本）、合同有效期（录入截止时间，必须是当前时间之后，必填）
2）提供附件上传功能，收集派遣单位营业执照（附件，必传）、备案证明（劳务分包单位在住建部的资质备案证明，附件，必传）、合作单位与派遣单位间的合同正文（附件，必传）
3）向合作单位信息员开放第三方合同备案模块的查询、查看、导出权限
4）由合作单位综合员录入本单位与第三方机构协作信息",,UIUE,合作单位-合作单位信息管理-第三方机构备案（内）,第三方机构备案,页面显示,L2,验证合作单位综合员新增后，第三方机构备案列表显示正确,"1、合作单位管理员登录
（nihongwei@hq.cmcc）",1、查看第三方机构备案列表,"1、显示合作单位综合员新增的信息
2、合同扫描件、营业执照、备案证明为蓝色，点击可下载
3、合同过期后显示为红色",通过,马昱堇,MSIT,
9494,"【需求9494】【背景】根据集团最新合作单位管理规范，建立合作单位组织机构信息库，信息库备案内容包括劳务用工合同（含劳务分包合同、劳务派遣合同及劳务作业分包单位或劳务派遣单位与相关劳务人员、派遣人员签订的劳动合同）
【需求】收集合作单位与劳务分包单位、劳务派遣单位签订的劳务分包/派遣合同附件，需要确认其有效性
【方案】
1、新增第三方机构备案功能，收集合作单位与劳务派遣/劳务分包/配合服务单位签订的劳务合同信息，包括：
1）结构化派遣单位名称（文本）、合同有效期（录入截止时间，必须是当前时间之后，必填）
2）提供附件上传功能，收集派遣单位营业执照（附件，必传）、备案证明（劳务分包单位在住建部的资质备案证明，附件，必传）、合作单位与派遣单位间的合同正文（附件，必传）
3）向合作单位信息员开放第三方合同备案模块的查询、查看、导出权限
4）由合作单位综合员录入本单位与第三方机构协作信息",,UIUE,合作单位-合作单位信息管理-第三方机构备案（内）,第三方机构备案,分页,L2,验证第三方机构备案列表分页功能正常,"1、合作单位管理员登录
（nihongwei@hq.cmcc）","1、第三方机构备案列表点击切换页码，跳转指定页
2、切换每页展示条数","1、能正常切换页码，跳转指定页
2、切换每页展示条数页面显示正确",通过,马昱堇,MSIT,
9494,"【需求9494】【背景】根据集团最新合作单位管理规范，建立合作单位组织机构信息库，信息库备案内容包括劳务用工合同（含劳务分包合同、劳务派遣合同及劳务作业分包单位或劳务派遣单位与相关劳务人员、派遣人员签订的劳动合同）
【需求】收集合作单位与劳务分包单位、劳务派遣单位签订的劳务分包/派遣合同附件，需要确认其有效性
【方案】
1、新增第三方机构备案功能，收集合作单位与劳务派遣/劳务分包/配合服务单位签订的劳务合同信息，包括：
1）结构化派遣单位名称（文本）、合同有效期（录入截止时间，必须是当前时间之后，必填）
2）提供附件上传功能，收集派遣单位营业执照（附件，必传）、备案证明（劳务分包单位在住建部的资质备案证明，附件，必传）、合作单位与派遣单位间的合同正文（附件，必传）
3）向合作单位信息员开放第三方合同备案模块的查询、查看、导出权限
4）由合作单位综合员录入本单位与第三方机构协作信息",,功能,合作单位-合作单位信息管理-第三方机构备案（内）,第三方机构备案,导出,L2,验证第三方机构备案列表导出功能正常,"1、合作单位管理员登录
（nihongwei@hq.cmcc）","1、直接点击导出，查看导出文件
2、搜索后再次点击导出查看导出文件
3、查看导出时间","1、导出全量的数据，数据和页面显示一致
2、顺序排序正确，和页面显示一致
3、只导出筛选后的数据，数据和页面显示一致
4、导出时间符合要求",通过,马昱堇,MSIT,
9584,"【需求9584】1、[框架合同月度考核得分]列表建设单位信息由分列展示改为分行展示
2、[框架合同月度考核得分]增加【导出】按钮：
1）默认导出全部数据
2）查询条件筛选后导出筛选后的数据
3）导出表表头与系统完全一致",,UIUE,合作单位-考核结果查询-框架合同月度得分（外）,框架合同月度得分,页面显示,L2,验证框架合同月度得分新增导出按钮,"1、考核联系人登录
（公诚考核联系人）",1、查看页面是否新增导出,1、页面新增导出按钮,通过,马昱堇,MSIT,
9584,"【需求9584】1、[框架合同月度考核得分]列表建设单位信息由分列展示改为分行展示
2、[框架合同月度考核得分]增加【导出】按钮：
1）默认导出全部数据
2）查询条件筛选后导出筛选后的数据
3）导出表表头与系统完全一致",,UIUE,合作单位-考核结果查询-框架合同月度得分（内）,框架合同月度得分,页面显示,L2,验证框架合同月度得分新增导出按钮,"1、考核管理员登录
（nihongwei@hq.cmcc）",1、查看页面是否新增导出,1、页面新增导出按钮,通过,马昱堇,MSIT,
9584,"【需求9584】1、[框架合同月度考核得分]列表建设单位信息由分列展示改为分行展示
2、[框架合同月度考核得分]增加【导出】按钮：
1）默认导出全部数据
2）查询条件筛选后导出筛选后的数据
3）导出表表头与系统完全一致",,UIUE,合作单位-考核结果查询-框架合同月度得分（外）,框架合同月度得分,页面显示,L2,验证框架合同月度得分页面一行多列展示改为一列分行展示，没有分数的建设单位不展示,"1、考核联系人登录
（公诚考核联系人）",1、查看页面表格样式,"1、一行多列展示改为一列分行展示
2、没有分数的建设单位不展示",通过,马昱堇,MSIT,
9584,"【需求9584】1、[框架合同月度考核得分]列表建设单位信息由分列展示改为分行展示
2、[框架合同月度考核得分]增加【导出】按钮：
1）默认导出全部数据
2）查询条件筛选后导出筛选后的数据
3）导出表表头与系统完全一致",,UIUE,合作单位-考核结果查询-框架合同月度得分（内）,框架合同月度得分,页面显示,L2,验证框架合同月度得分页面一行多列展示改为一列分行展示，没有分数的建设单位不展示,"1、考核管理员登录
（nihongwei@hq.cmcc）",1、查看页面表格样式,"1、一行多列展示改为一列分行展示
2、没有分数的建设单位不展示",通过,马昱堇,MSIT,
9584,"【需求9584】1、[框架合同月度考核得分]列表建设单位信息由分列展示改为分行展示
2、[框架合同月度考核得分]增加【导出】按钮：
1）默认导出全部数据
2）查询条件筛选后导出筛选后的数据
3）导出表表头与系统完全一致",,功能,合作单位-考核结果查询-框架合同月度得分（外）,框架合同月度得分,导出,L2,验证框架合同月度得分页面导出功能正常,"1、考核联系人登录
（公诚考核联系人）","1、点击导出
2、筛选后点击导出
3、查看导出时间","1、导出文件为全量数据，数据和页面显示一致
2、导出文件为筛选后的数据，数据和页面显示一致
3、导出时间符合要求",通过,马昱堇,MSIT,
9584,"【需求9584】1、[框架合同月度考核得分]列表建设单位信息由分列展示改为分行展示
2、[框架合同月度考核得分]增加【导出】按钮：
1）默认导出全部数据
2）查询条件筛选后导出筛选后的数据
3）导出表表头与系统完全一致",,功能,合作单位-考核结果查询-框架合同月度得分（内）,框架合同月度得分,导出,L2,验证框架合同月度得分页面导出功能正常,"1、考核管理员登录
（nihongwei@hq.cmcc）","1、点击导出
2、筛选后点击导出
3、查看导出时间","1、导出文件为全量数据，数据和页面显示一致
2、导出文件为筛选后的数据，数据和页面显示一致
3、导出时间符合要求",通过,马昱堇,MSIT,
9599,"【需求9599】1、项目各阶段评分明细查询页面，导出数据的评分为“无工作量、本次不评分、已结束评分”时，展示错误需要修复。
2、项目各阶段评分明细查询页面，页面上包含评分为“无工作量、本次不评分、已结束评分”时，当前页面平均分计算有问题。
3、项目综合考核得分页面，两条其他信息都相同的考核任务（一个有合同，一个没有合同）需分成两行展示。",,功能,合作单位-考核结果查询-项目各阶段评分明细查询,项目各阶段评分明细查询,导出,L2,验证项目各阶段评分明细查询导出无工作量、本次不评分、已结束评分，得分列展示对应的文字说明,"1、考核管理员登录
（nihongwei@hq.cmcc）","1、点击导出
2、查看无工作量、本次不评分、已结束评分的得分列展示",1、无工作量、本次不评分、已结束评分，得分列展示对应的文字,通过,马昱堇,MSIT,
9599,"【需求9599】1、项目各阶段评分明细查询页面，导出数据的评分为“无工作量、本次不评分、已结束评分”时，展示错误需要修复。
2、项目各阶段评分明细查询页面，页面上包含评分为“无工作量、本次不评分、已结束评分”时，当前页面平均分计算有问题。
3、项目综合考核得分页面，两条其他信息都相同的考核任务（一个有合同，一个没有合同）需分成两行展示。",,功能,合作单位-考核结果查询-项目各阶段评分明细查询,项目各阶段评分明细查询,导出,L2,验证项目各阶段评分明细查询导出有分数的数据得分列显示正确,"1、考核管理员登录
（nihongwei@hq.cmcc）","1、点击导出
2、查看满分、有扣分的得分列显示","1、满分得分列显示100
2、有扣分的得分列展示实际得分",通过,马昱堇,MSIT,
9599,"【需求9599】1、项目各阶段评分明细查询页面，导出数据的评分为“无工作量、本次不评分、已结束评分”时，展示错误需要修复。
2、项目各阶段评分明细查询页面，页面上包含评分为“无工作量、本次不评分、已结束评分”时，当前页面平均分计算有问题。
3、项目综合考核得分页面，两条其他信息都相同的考核任务（一个有合同，一个没有合同）需分成两行展示。",,功能,合作单位-考核结果查询-项目各阶段评分明细查询,项目各阶段评分明细查询,导出,L2,验证项目各阶段评分明细查询当前页面得分平均分分数计算正确,"1、考核管理员登录
（nihongwei@hq.cmcc）","1、选择页面有无工作量、本次不评分、已结束评分的页面
2、计算当前页面平均分","1、分数计算要除去无工作量、本次不评分、已结束评分再计算
2、页面计算分数正确",通过,马昱堇,MSIT,
9599,"【需求9599】1、项目各阶段评分明细查询页面，导出数据的评分为“无工作量、本次不评分、已结束评分”时，展示错误需要修复。
2、项目各阶段评分明细查询页面，页面上包含评分为“无工作量、本次不评分、已结束评分”时，当前页面平均分计算有问题。
3、项目综合考核得分页面，两条其他信息都相同的考核任务（一个有合同，一个没有合同）需分成两行展示。",,功能,合作单位-考核结果查询-项目综合考核得分,项目综合考核得分,导出,L2,验证项目综合考核得分页面点击导出，导出数据正确,"1、考核管理员登录
（nihongwei@hq.cmcc）",1、页面点击导出,"1、附件名称正确
2、内容(除打分月份)、排序、总数和页面显示一致",通过,马昱堇,MSIT,
9599,"【需求9599】1、项目各阶段评分明细查询页面，导出数据的评分为“无工作量、本次不评分、已结束评分”时，展示错误需要修复。
2、项目各阶段评分明细查询页面，页面上包含评分为“无工作量、本次不评分、已结束评分”时，当前页面平均分计算有问题。
3、项目综合考核得分页面，两条其他信息都相同的考核任务（一个有合同，一个没有合同）需分成两行展示。",,功能,合作单位-考核结果查询-项目综合考核得分,项目综合考核得分,页面显示,L2,验证项目综合考核得分当合作单位编码、项目名称、项目编码等一致时，不同的合同编码、名称分开展示,"1、考核管理员登录
2、与合作单位编码、项目名称、项目编码等一致时，不同的合同编码、名称的任务",1、查看项目综合考核得分展示,1、分行展示，有多少条不一样的合同编码、名称就展示几条数据,通过,马昱堇,MSIT,
9647,"【9647】优化
1、合作伙伴的问题溯源MOA页面，添加判断，IT公司展示扣分城市，其余省公司不展示。
2、合作伙伴的考核指标配置页面，问题溯源指标页签的新增或修改，总部保存的数据的“指标所属公司”字段保存为“集团”。
3、溯源管理新增一条问题信息，保存后删除此条数据，再新增一条问题信息进行保存后页面刷新报错。
4、问题溯源查询，审批状态的查询条件有问题。",,功能,合作单位-辅助管理-溯源管理,溯源管理,MOA,L2,验证省公司使用MOA审批时没有扣分城市,"1、发起溯源管理
2、登录省公司MOA
（dongw@js.cmcc）",1、查看审批页是否有扣分城市,1、省公司审批不展示扣分城市,通过,马昱堇,UAT,
9647,"【9647】优化
1、合作伙伴的问题溯源MOA页面，添加判断，IT公司展示扣分城市，其余省公司不展示。
2、合作伙伴的考核指标配置页面，问题溯源指标页签的新增或修改，总部保存的数据的“指标所属公司”字段保存为“集团”。
3、溯源管理新增一条问题信息，保存后删除此条数据，再新增一条问题信息进行保存后页面刷新报错。
4、问题溯源查询，审批状态的查询条件有问题。",,功能,合作单位-辅助管理-溯源管理,溯源管理,MOA,L2,验证IT公司使用MOA审批时有扣分城市,"1、发起溯源管理
2、登录IT公司MOA
（nihongwei@hq.cmcc）",1、查看审批页是否有扣分城市,1、IT公司审批展示扣分城市,通过,马昱堇,UAT,
9647,"【9647】优化
1、合作伙伴的问题溯源MOA页面，添加判断，IT公司展示扣分城市，其余省公司不展示。
2、合作伙伴的考核指标配置页面，问题溯源指标页签的新增或修改，总部保存的数据的“指标所属公司”字段保存为“集团”。
3、溯源管理新增一条问题信息，保存后删除此条数据，再新增一条问题信息进行保存后页面刷新报错。
4、问题溯源查询，审批状态的查询条件有问题。",,功能,合作单位-辅助管理-溯源管理,溯源管理,搜索,L2,验证溯源管理-审批状态搜索条件能正常使用,"1、问题登记人登录
（nihongwei@hq.cmcc）","1、选择审批状态
2、点击搜索，查看页面搜索结果
3、点击重置，查看搜索条件是否被重置","1、能正常显示搜索
2、点击重置搜索条件正常清空",通过,马昱堇,UAT,
9647,"【9647】优化
1、合作伙伴的问题溯源MOA页面，添加判断，IT公司展示扣分城市，其余省公司不展示。
2、合作伙伴的考核指标配置页面，问题溯源指标页签的新增或修改，总部保存的数据的“指标所属公司”字段保存为“集团”。
3、溯源管理新增一条问题信息，保存后删除此条数据，再新增一条问题信息进行保存后页面刷新报错。
4、问题溯源查询，审批状态的查询条件有问题。",,功能,合作单位-辅助管理-溯源管理,溯源管理,保存,L2,验证溯源管理新增一条问题信息，保存后删除此条数据，再新增一条问题信息进行保存后页面刷新不报错,"1、问题登记人登录
（nihongwei@hq.cmcc）",1、新增溯源管理单据保存后删除问题信息,"1、能正常显示搜索
2、点击重置搜索条件正常清空",通过,马昱堇,UAT,
9647,"【9647】优化
1、合作伙伴的问题溯源MOA页面，添加判断，IT公司展示扣分城市，其余省公司不展示。
2、合作伙伴的考核指标配置页面，问题溯源指标页签的新增或修改，总部保存的数据的“指标所属公司”字段保存为“集团”。
3、溯源管理新增一条问题信息，保存后删除此条数据，再新增一条问题信息进行保存后页面刷新报错。
4、问题溯源查询，审批状态的查询条件有问题。",,功能,合作单位-辅助管理-溯源管理,溯源管理,删除,L2,验证溯源管理草稿单据能正常删除,"1、问题登记人登录
（nihongwei@hq.cmcc）",1、勾选本人创建的草稿单据，点击删除,1、能正常删除,通过,马昱堇,UAT,
9647,"【9647】优化
1、合作伙伴的问题溯源MOA页面，添加判断，IT公司展示扣分城市，其余省公司不展示。
2、合作伙伴的考核指标配置页面，问题溯源指标页签的新增或修改，总部保存的数据的“指标所属公司”字段保存为“集团”。
3、溯源管理新增一条问题信息，保存后删除此条数据，再新增一条问题信息进行保存后页面刷新报错。
4、问题溯源查询，审批状态的查询条件有问题。",,功能,合作单位-辅助管理-溯源管理,溯源管理,历史数据,L2,验证溯源管理问题数据被清除,"1、问题登记人登录
（nihongwei@hq.cmcc）",1、刷数据，查看历史问题数据,1、问题数据被删除,通过,马昱堇,UAT,
9647,"【9647】优化
1、合作伙伴的问题溯源MOA页面，添加判断，IT公司展示扣分城市，其余省公司不展示。
2、合作伙伴的考核指标配置页面，问题溯源指标页签的新增或修改，总部保存的数据的“指标所属公司”字段保存为“集团”。
3、溯源管理新增一条问题信息，保存后删除此条数据，再新增一条问题信息进行保存后页面刷新报错。
4、问题溯源查询，审批状态的查询条件有问题。",,功能,合作单位-合作单位考核配置-考核指标配置,问题溯源指标,页面显示,L2,验证总部修改保存问题溯源指标时，“指标所属公司”字段保存为“集团”,"1、总部合作单位考核管理员登录
（miaoshuai@hq.cmcc）","1、修改问题溯源指标
2、点击保存刷新页面",1、“指标所属公司”字段保存为“集团”,通过,马昱堇,UAT,
9647,"【9647】优化
1、合作伙伴的问题溯源MOA页面，添加判断，IT公司展示扣分城市，其余省公司不展示。
2、合作伙伴的考核指标配置页面，问题溯源指标页签的新增或修改，总部保存的数据的“指标所属公司”字段保存为“集团”。
3、溯源管理新增一条问题信息，保存后删除此条数据，再新增一条问题信息进行保存后页面刷新报错。
4、问题溯源查询，审批状态的查询条件有问题。",,功能,合作单位-合作单位考核配置-考核指标配置,问题溯源指标,页面显示,L2,验证总部新增保存问题溯源指标时，“指标所属公司”字段保存为“集团”,"1、总部合作单位考核管理员登录
（miaoshuai@hq.cmcc）","1、新增问题溯源指标
2、点击保存刷新页面",1、“指标所属公司”字段保存为“集团”,通过,马昱堇,UAT,
9647,"【9647】优化
1、合作伙伴的问题溯源MOA页面，添加判断，IT公司展示扣分城市，其余省公司不展示。
2、合作伙伴的考核指标配置页面，问题溯源指标页签的新增或修改，总部保存的数据的“指标所属公司”字段保存为“集团”。
3、溯源管理新增一条问题信息，保存后删除此条数据，再新增一条问题信息进行保存后页面刷新报错。
4、问题溯源查询，审批状态的查询条件有问题。",,功能,合作单位-合作单位考核配置-考核指标配置,问题溯源指标,页面显示,L2,验证省公司新增保存问题溯源指标时，“指标所属公司”字段保存为“对应省公司”,"1、省公司（江苏）合作单位考核管理员登录
（wudp@js.cmcc）","1、新增问题溯源指标
2、点击保存刷新页面",1、“指标所属公司”字段保存为“对应省公司”,通过,马昱堇,UAT,
9647,"【9647】优化
1、合作伙伴的问题溯源MOA页面，添加判断，IT公司展示扣分城市，其余省公司不展示。
2、合作伙伴的考核指标配置页面，问题溯源指标页签的新增或修改，总部保存的数据的“指标所属公司”字段保存为“集团”。
3、溯源管理新增一条问题信息，保存后删除此条数据，再新增一条问题信息进行保存后页面刷新报错。
4、问题溯源查询，审批状态的查询条件有问题。",,功能,合作单位-合作单位考核配置-考核指标配置,问题溯源指标,页面显示,L2,验证省公司新增保存问题溯源指标时，“指标所属公司”字段保存为“对应省公司”,"1、省公司（江苏）合作单位考核管理员登录
（wudp@js.cmcc）","1、新增问题溯源指标
2、点击保存刷新页面",1、“指标所属公司”字段保存为“对应省公司”,通过,马昱堇,UAT,
