需求编号,需求描述,用例类型,导航,功能模块,功能点,优先级,用例标题,前置条件,操作步骤,预期结果,测试结果,执行人,测试环境,备注
技术优化6,"【需求背景】：调拨，保存和提交时，页面响应时间过长
【方案描述】：1.优化扣减台账和还原台账的逻辑，
2.保存、提交、删除、作废和scm作废时，扣减或还原台账逻辑进行复用
3.提交单据时，删除本地流程历史，代办路由统一，已办和详情路由统一，去除驳回页",功能,物资管理-PMS调拨申请单,PMS调拨申请单,保存单据时，扣减台账库存,L2,验证保存单据时，扣减库存台账,"1.系统运行正常
2.使用工程实施经理等角色登陆系统",1.点击保存按钮，查看对应的台账数据,1.正常扣减对应的台账库存,,冯云梦,UAT,
技术优化6,,功能,物资管理-PMS调拨申请单,PMS调拨申请单,提交单据时，扣减台账库存,L2,验证提交单据时，扣减台账库存,"1.系统运行正常
2.使用工程实施经理等角色登陆系统",1.点击提交按钮，查看对应的台账数据,1.正常扣减对应的台账库存,,冯云梦,UAT,
技术优化6,,功能,物资管理-PMS调拨申请单,PMS调拨申请单,删除单据时，还原台账库存,L2,验证删除单据时，还原台账库存,"1.系统运行正常
2.使用工程实施经理等角色登陆系统",1.点击删除单据，查看对应的台账数据,1.正常还原对应的台账库存,,冯云梦,UAT,
技术优化6,,功能,物资管理-PMS调拨申请单,PMS调拨申请单,PMS作废单据时，还原台账库存,L2,验证PMS作废单据时，还原台账库存,"1.系统运行正常
2.使用工程实施经理等角色登陆系统",1.点击作废单据，查看对应的台账数据,1.正常还原对应的台账库存,,冯云梦,UAT,
技术优化6,,功能,物资管理-PMS调拨申请单,PMS调拨申请单,SCM作废单据时，还原台账库存,L2,验证SCM作废单据时，还原台账库存,"1.系统运行正常
2.使用工程实施经理等角色登陆系统",1.同步SCM作废的单据，查看对应的台账,1.正常还原对应的台账库存,,冯云梦,UAT,
技术优化6,,功能,物资管理-PMS调拨申请单,PMS调拨申请单,查看待办页面流程历史,L2,验证查看待办页面流程历史,"1.系统运行正常
2.使用工程实施经理等角色登陆系统",1.点击进入待办页面，查看流程历史数据,1.正常展示对应的流程历史数据,,冯云梦,UAT,
技术优化6,,功能,物资管理-PMS调拨申请单,PMS调拨申请单,查看已办页面流程历史,L2,验证查看已办页面流程历史,"1.系统运行正常
2.使用工程实施经理等角色登陆系统",1.点击进入已办页面，查看流程历史数据,1.正常展示对应的流程历史数据,,冯云梦,UAT,
技术优化6,,功能,物资管理-PMS调拨申请单,PMS调拨申请单,查看驳回页面流程历史,L2,验证查看驳回页面流程历史,"1.系统运行正常
2.使用工程实施经理等角色登陆系统",1.点击进入驳回页面，查看流程历史数据,1.正常展示对应的流程历史数据,,冯云梦,UAT,
技术优化6,,功能,物资管理-PMS调拨申请单,PMS调拨申请单,查看详情页面流程历史,L2,验证查看详情页面流程历史,"1.系统运行正常
2.使用工程实施经理等角色登陆系统",1.点击进入详情页面，查看流程历史数据,1.正常展示对应的流程历史数据,,冯云梦,UAT,
技术优化6,,功能,物资管理-PMS调拨申请单,PMS调拨申请单,本次调拨数量填写全为0，弹出提示,L2,验证调拨单拦截提示,"1.系统运行正常
2.使用工程实施经理等角色登陆系统
3.本次调拨数量填写全为0",1.新增/编辑调拨申请单，点击保存/提交,提示：“本次调拨数量填写错误，请检查后重新填写！”,,冯云梦,UAT,
技术优化6,,功能,物资管理-PMS调拨申请单,PMS调拨申请单,调拨数量超过可调入数量，弹出提示,L2,验证调拨单拦截提示,"1.系统运行正常
2.使用工程实施经理等角色登陆系统
3.调拨数量超过可调入数量",1.新增/编辑调拨申请单，点击保存/提交,提示：“本次调拨数量超过可调入数量，可调入数量XXX,,冯云梦,UAT,
技术优化6,,功能,物资管理-PMS调拨申请单,PMS调拨申请单,本次调拨数量超过可调拨数量，弹出提示,L2,验证调拨单拦截提示,"1.系统运行正常
2.使用工程实施经理等角色登陆系统
3.本次调拨数量超过可调拨数量",1.新增/编辑调拨申请单，点击保存/提交,提示：“本次调拨数量超过可调拨数量，可调拨数量XXX,,冯云梦,UAT,
技术优化6,,功能,物资管理-PMS调拨申请单,PMS调拨申请单,调入方无对应设计产品，弹出提示,L2,验证调拨单拦截提示,"1.系统运行正常
2.使用工程实施经理等角色登陆系统
3.调入方无对应设计产品",1.新增/编辑调拨申请单，点击保存/提交,提示：“调入方无对应设计产品，无法调入，请检查调入方设计物资清单”,,冯云梦,UAT,
技术优化6,,功能,物资管理-PMS调拨申请单,PMS调拨申请单,修改调拨单路由,L3,验证调拨单路由,"1.系统运行正常
2.使用工程实施经理等角色登陆系统",1.查看调拨单路由,PMS项目调拨：\pmsTrans\,,冯云梦,UAT,
技术优化6,,功能,物资管理-PMS多项目调拨申请单,PMS多项目调拨申请单,保存单据时，扣减台账库存,L2,验证保存单据时，扣减库存台账,"1.系统运行正常
2.使用工程实施经理等角色登陆系统",1.点击保存按钮，查看对应的台账数据,1.正常扣减对应的台账库存,,冯云梦,UAT,
技术优化6,,功能,物资管理-PMS多项目调拨申请单,PMS多项目调拨申请单,提交单据时，扣减台账库存,L2,验证提交单据时，扣减台账库存,"1.系统运行正常
2.使用工程实施经理等角色登陆系统",1.点击提交按钮，查看对应的台账数据,1.正常扣减对应的台账库存,,冯云梦,UAT,
技术优化6,,功能,物资管理-PMS多项目调拨申请单,PMS多项目调拨申请单,删除单据时，还原台账库存,L2,验证删除单据时，还原台账库存,"1.系统运行正常
2.使用工程实施经理等角色登陆系统",1.点击删除单据，查看对应的台账数据,1.正常还原对应的台账库存,,冯云梦,UAT,
技术优化6,,功能,物资管理-PMS多项目调拨申请单,PMS多项目调拨申请单,PMS作废单据时，还原台账库存,L2,验证PMS作废单据时，还原台账库存,"1.系统运行正常
2.使用工程实施经理等角色登陆系统",1.点击作废单据，查看对应的台账数据,1.正常还原对应的台账库存,,冯云梦,UAT,
技术优化6,,功能,物资管理-PMS多项目调拨申请单,PMS多项目调拨申请单,SCM作废单据时，还原台账库存,L2,验证SCM作废单据时，还原台账库存,"1.系统运行正常
2.使用工程实施经理等角色登陆系统",1.同步SCM作废的单据，查看对应的台账,1.正常还原对应的台账库存,,冯云梦,UAT,
技术优化6,,功能,物资管理-PMS多项目调拨申请单,PMS多项目调拨申请单,查看待办页面流程历史,L2,验证查看待办页面流程历史,"1.系统运行正常
2.使用工程实施经理等角色登陆系统",1.点击进入待办页面，查看流程历史数据,1.正常展示对应的流程历史数据,,冯云梦,UAT,
技术优化6,,功能,物资管理-PMS多项目调拨申请单,PMS多项目调拨申请单,查看已办页面流程历史,L2,验证查看已办页面流程历史,"1.系统运行正常
2.使用工程实施经理等角色登陆系统",1.点击进入已办页面，查看流程历史数据,1.正常展示对应的流程历史数据,,冯云梦,UAT,
技术优化6,,功能,物资管理-PMS多项目调拨申请单,PMS多项目调拨申请单,查看驳回页面流程历史,L2,验证查看驳回页面流程历史,"1.系统运行正常
2.使用工程实施经理等角色登陆系统",1.点击进入驳回页面，查看流程历史数据,2.正常展示对应的流程历史数据,,冯云梦,UAT,
技术优化6,,功能,物资管理-PMS多项目调拨申请单,PMS多项目调拨申请单,查看详情页面流程历史,L2,验证查看详情页面流程历史,"1.系统运行正常
2.使用工程实施经理等角色登陆系统",1.点击进入详情页面，查看流程历史数据,2.正常展示对应的流程历史数据,,冯云梦,UAT,
技术优化6,,功能,物资管理-PMS多项目调拨申请单,PMS多项目调拨申请单,本次调拨数量填写全为0，弹出提示,L2,验证调拨单拦截提示,"1.系统运行正常
2.使用工程实施经理等角色登陆系统
3.本次调拨数量填写全为0",1.新增/编辑调拨申请单，点击保存/提交,提示：“本次调拨数量填写错误，请检查后重新填写！”,,冯云梦,UAT,
技术优化6,,功能,物资管理-PMS多项目调拨申请单,PMS多项目调拨申请单,调拨数量超过可调入数量，弹出提示,L2,验证调拨单拦截提示,"1.系统运行正常
2.使用工程实施经理等角色登陆系统
3.调拨数量超过可调入数量",1.新增/编辑调拨申请单，点击保存/提交,提示：“本次调拨数量超过可调入数量，可调入数量XXX,,冯云梦,UAT,
技术优化6,,功能,物资管理-PMS多项目调拨申请单,PMS多项目调拨申请单,本次调拨数量超过可调拨数量，弹出提示,L2,验证调拨单拦截提示,"1.系统运行正常
2.使用工程实施经理等角色登陆系统
3.本次调拨数量超过可调拨数量",1.新增/编辑调拨申请单，点击保存/提交,提示：“本次调拨数量超过可调拨数量，可调拨数量XXX,,冯云梦,UAT,
技术优化6,,功能,物资管理-PMS多项目调拨申请单,PMS多项目调拨申请单,修改调拨单路由,L3,验证调拨单路由,"1.系统运行正常
2.使用工程实施经理等角色登陆系统",1.查看调拨单路由,多对多调拨：\pmsTransMtm\,,冯云梦,UAT,
技术优化6,,功能,MOA-PMS调拨申请单,PMS调拨申请单,保存单据时，扣减台账库存,L2,验证保存单据时，扣减库存台账,"1.系统运行正常
2.使用工程实施经理等角色登陆系统",1.点击保存按钮，查看对应的台账数据,1.正常扣减对应的台账库存,,冯云梦,UAT,
技术优化6,,功能,MOA-PMS调拨申请单,PMS调拨申请单,提交单据时，扣减台账库存,L2,验证提交单据时，扣减台账库存,"1.系统运行正常
2.使用工程实施经理等角色登陆系统",1.点击提交按钮，查看对应的台账数据,1.正常扣减对应的台账库存,,冯云梦,UAT,
技术优化6,,功能,MOA-PMS调拨申请单,PMS调拨申请单,删除单据时，还原台账库存,L2,验证删除单据时，还原台账库存,"1.系统运行正常
2.使用工程实施经理等角色登陆系统",1.点击删除单据，查看对应的台账数据,1.正常还原对应的台账库存,,冯云梦,UAT,
技术优化6,,功能,MOA-PMS调拨申请单,PMS调拨申请单,PMS作废单据时，还原台账库存,L2,验证PMS作废单据时，还原台账库存,"1.系统运行正常
2.使用工程实施经理等角色登陆系统",1.点击作废单据，查看对应的台账数据,1.正常还原对应的台账库存,,冯云梦,UAT,
技术优化6,,功能,MOA-PMS调拨申请单,PMS调拨申请单,SCM作废单据时，还原台账库存,L2,验证SCM作废单据时，还原台账库存,"1.系统运行正常
2.使用工程实施经理等角色登陆系统",1.同步SCM作废的单据，查看对应的台账,1.正常还原对应的台账库存,,冯云梦,UAT,
技术优化6,,功能,MOA-PMS调拨申请单,PMS调拨申请单,查看待办页面流程历史,L2,验证查看待办页面流程历史,"1.系统运行正常
2.使用工程实施经理等角色登陆系统",1.点击进入待办页面，查看流程历史数据,1.正常展示对应的流程历史数据,,冯云梦,UAT,
技术优化6,,功能,MOA-PMS调拨申请单,PMS调拨申请单,查看已办页面流程历史,L2,验证查看已办页面流程历史,"1.系统运行正常
2.使用工程实施经理等角色登陆系统",1.点击进入已办页面，查看流程历史数据,1.正常展示对应的流程历史数据,,冯云梦,UAT,
技术优化6,,功能,MOA-PMS调拨申请单,PMS调拨申请单,查看驳回页面流程历史,L2,验证查看驳回页面流程历史,"1.系统运行正常
2.使用工程实施经理等角色登陆系统",1.点击进入驳回页面，查看流程历史数据,2.正常展示对应的流程历史数据,,冯云梦,UAT,
技术优化6,,功能,MOA-PMS调拨申请单,PMS调拨申请单,查看详情页面流程历史,L2,验证查看详情页面流程历史,"1.系统运行正常
2.使用工程实施经理等角色登陆系统",1.点击进入详情页面，查看流程历史数据,2.正常展示对应的流程历史数据,,冯云梦,UAT,
9169,"【需求背景】：总部工管处预计于6月下发最新合作单位管理要求，并建立全集团合作单位信息库，其中涉及PMS外部人员角色的统一规范，根据总部要求调整角色名称
【需求描述】：将“仓库物资管理员”、“领料员”、“物资接收员”整合为“物料管理员”，并进行权限合并
【方案描述】：
1、将外部角色“仓库物资管理员”角色名称改为“物料管理员”；将“领料员”、“物资接收员”的人员分配“物料管理员”权限。（继续使用仓库物资管理员的角色编码，建议由合作单位调整并分发至物资）
2、将涉及“领料员”、“物资接收员”角色的功能增加“物料管理员”权限；
3、二级菜单图标
注：测试参考：PMS-物资管理
物资菜单角色权限sheet页，LMN列
和合作单位确认都在3.4一起优化",功能,物资管理-PMS领料申请单,PMS领料申请单,物料管理员查询、导出，同步PMS领料申请单,L3,验证物料管理员查询、导出，同步PMS领料申请单,"1.系统运行正常
2.使用物料管理员角色登陆系统","1.点击查询PMS领料申请单
2.点击重置查询条件
3.点击导出按钮
4.点击同步PMS领料申请单","1.正常查询出符合查询条件的PMS领料申请单
2.正常清空查询条件，并查询出所有的PMS领料申请单数据
3.正常导出符合查询条件的PMS领料申请单数据
4.正常同步所选的项目下的领料单",,冯云梦,UAT,
9169,,功能,物资管理-PMS领料申请单,PMS领料申请单-新增,物料管理员新增PMS领料申请单,L2,验证物料管理员新增PMS领料申请单,"1.系统运行正常
2.使用物料管理员角色登陆系统",1.点击新增PMS领料申请单,1.正常新增PMS领料申请单,,冯云梦,UAT,
9169,,功能,物资管理-领料申请明细查询（设计产品）,领料申请明细查询（设计产品）,物料管理员查询、导出领料申请明细查询（设计产品）,L3,验证物料管理员查询、导出领料申请明细查询（设计产品）,"1.系统运行正常
2.使用物料管理员角色登陆系统","1.点击查询领料申请明细查询数据
2.点击重置查询条件
3.点击导出","1.正常查询出符合查询条件的领料申请明细数据
2.正常清空查询条件，并查询出所有的PMS领料申请单明细数据
3.正常导出符合查询条件的领料申请明细数据",,冯云梦,UAT,
9169,,功能,物资管理-领料申请明细查询（物料）,领料申请明细查询（物料）,物料管理员查询、导出领料申请明细查询（物料）,L3,验证物料管理员查询、导出领料申请明细查询（物料）,"1.系统运行正常
2.使用物料管理员角色登陆系统","1.点击查询领料申请明细查询数据
2.点击重置查询条件
3.点击导出","1.正常查询出符合查询条件的领料申请明细数据
2.正常清空查询条件，并查询出所有的PMS领料申请单明细数据
3.正常导出符合查询条件的领料申请明细数据",,冯云梦,UAT,
9169,,功能,物资管理-物资申领单,物资申领单,物料管理员查询、导出，同步物资申领单,L3,验证物料管理员查询、导出，同步物资申领单,"1.系统运行正常
2.使用物料管理员角色登陆系统","1.点击查询物资申领单
2.点击重置查询条件
3.点击导出按钮
4.点击同步物资申领单","1.正常查询出符合查询条件的物资申领单
2.正常清空查询条件，并查询出所有的物资申领单数据
3.正常导出符合查询条件的物资申领单数据
4.正常同步所选的项目下的物资申领单",,冯云梦,UAT,
9169,,功能,物资管理-物资申领单,物资申领单-新增,物料管理员新增物资申领单,L2,验证物料管理员新增物资申领单,"1.系统运行正常
2.使用物料管理员角色登陆系统",1.点击新增物资申领单,1.正常新增物资申领单,,冯云梦,UAT,
9169,,功能,物资管理-SCM领料申请单,SCM领料申请单,物料管理员查询、导出，同步SCM领料申请单,L3,验证物料管理员查询、导出，同步SCM领料申请单,"1.系统运行正常
2.使用物料管理员角色登陆系统","1.点击查询SCM领料申请单
2.点击重置查询条件
3.点击导出按钮
4.点击同步SCM领料申请单","1.正常查询出符合查询条件的SCM领料申请单
2.正常清空查询条件，并查询出所有的SCM领料申请单数据
3.正常导出符合查询条件的SCM领料申请单数据
4.正常同步所选的项目下的领料单",,冯云梦,UAT,
9169,,功能,物资管理-SCM出库单,SCM出库单,物料管理员查询、导出，同步SCM出库单,L3,验证物料管理员查询、导出，同步SCM出库单,"1.系统运行正常
2.使用物料管理员角色登陆系统","1.点击查询SCM出库单
2.点击重置查询条件
3.点击导出按钮
4.点击同步SCM出库单","1.正常查询出符合查询条件的SCM出库单
2.正常清空查询条件，并查询出所有的SCM出库单数据
3.正常导出符合查询条件的SCM出库单数据
4.正常同步所选的项目下的出库单",,冯云梦,UAT,
9169,,功能,物资管理-SCM出库单明细查询,SCM出库单明细查询,物料管理员查询、导出，同步SCM出库单明细查询,L3,验证物料管理员查询、导出，同步SCM出库单明细查询,"1.系统运行正常
2.使用物料管理员角色登陆系统","1.点击查询SCM出库单明细
2.点击重置查询条件
3.点击导出按钮
4.点击同步SCM出库单明细","1.正常查询出符合查询条件的SCM出库单明细
2.正常清空查询条件，并查询出所有的SCM出库单明细数据
3.正常导出符合查询条件的SCM出库单明细数据
4.正常同步所选的项目下的出库单",,冯云梦,UAT,
9169,,功能,物资管理-物资接收指派,物资接收指派,物料管理员查询、导出物资接收单,L3,验证物料管理员查询、导出物资接收单,"1.系统运行正常
2.使用物料管理员角色登陆系统","1.点击查询物资接收单数据
2.点击重置查询条件
3.点击导出","1.正常查询出符合查询条件的物资接收单数据
2.正常清空查询条件，并查询出所有的物资接收单数据
3.正常导出符合查询条件的物资接收单数据",,冯云梦,UAT,
9169,,功能,物资管理-物资接收单查询,物资接收单查询,物料管理员查询、导出物资接收单,L3,验证物料管理员查询、导出物资接收单,"1.系统运行正常
2.使用物料管理员角色登陆系统","1.点击查询物资接收单数据
2.点击重置查询条件
3.点击导出","1.正常查询出符合查询条件的物资接收单数据
2.正常清空查询条件，并查询出所有的物资接收单数据
3.正常导出符合查询条件的物资接收单数据",,冯云梦,UAT,
9169,,功能,物资管理-物资接收入库单,物资接收入库单（到货签收）,物料管理员查询、导出，审批物资接收入库单,L3,验证物料管理员查询、导出物资接收入库单,"1.系统运行正常
2.使用物料管理员角色登陆系统","1.点击查询物资接收入库单数据
2.点击重置查询条件
3.点击导出
4.点击处理物资接收入库单待办","1.正常查询出符合查询条件的物资接收入库单数据
2.正常清空查询条件，并查询出所有的物资接收入库单数据
3.正常导出符合查询条件的物资接收入库单数据
4.正常处理物资接收入库单待办",,冯云梦,UAT,
9169,,功能,物资管理-PMS调拨申请单,PMS调拨申请单,物料管理员查询、导出，同步PMS调拨申请单,L3,验证物料管理员查询、导出，同步PMS调拨申请单,"1.系统运行正常
2.使用物料管理员角色登陆系统","1.点击查询PMS调拨申请单
2.点击重置查询条件
3.点击导出按钮
4.点击同步PMS调拨申请单","1.正常查询出符合查询条件的PMS调拨申请单
2.正常清空查询条件，并查询出所有的PMS调拨申请单数据
3.正常导出符合查询条件的PMS调拨申请单数据
4.正常同步所选的项目下的PMS调拨申请单",,冯云梦,UAT,
9169,,功能,物资管理-PMS调拨申请单,PMS调拨申请单-新增,物料管理员新增PMS调拨申请单,L2,验证物料管理员新增PMS调拨申请单,"1.系统运行正常
2.使用物料管理员角色登陆系统",1.点击新增PMS调拨申请单,1.正常新增PMS调拨申请单,,冯云梦,UAT,
9169,,功能,物资管理-SCM调拨申请单,SCM调拨申请单,物料管理员查询、导出，同步SCM调拨申请单,L3,验证物料管理员查询、导出，同步SCM调拨申请单,"1.系统运行正常
2.使用物料管理员角色登陆系统","1.点击查询SCM调拨申请单
2.点击重置查询条件
3.点击导出按钮
4.点击同步SCM调拨申请单","1.正常查询出符合查询条件的SCM调拨申请单
2.正常清空查询条件，并查询出所有的SCM调拨申请单数据
3.正常导出符合查询条件的SCM调拨申请单数据
4.正常同步所选的项目下的SCM调拨申请单",,冯云梦,UAT,
9169,,功能,物资管理-PMS退料申请单,PMS退料申请单,物料管理员查询、导出，同步PMS退料申请单,L3,验证物料管理员查询、导出，同步PMS退料申请单,"1.系统运行正常
2.使用物料管理员角色登陆系统","1.点击查询PMS退料申请单
2.点击重置查询条件
3.点击导出按钮
4.点击同步PMS退料申请单","1.正常查询出符合查询条件的PMS退料申请单
2.正常清空查询条件，并查询出所有的PMS退料申请单数据
3.正常导出符合查询条件的PMS退料申请单数据
4.正常同步所选的项目下的PMS退料申请单",,冯云梦,UAT,
9169,,功能,物资管理-PMS退料申请单,PMS退料申请单-新增,物料管理员新增PMS退料申请单,L2,验证物料管理员新增PMS退料申请单,"1.系统运行正常
2.使用物料管理员角色登陆系统",1.点击新增PMS退料申请单,1.正常新增PMS退料申请单,,冯云梦,UAT,
9169,,功能,物资管理-退料申请明细查询,退料申请明细查询,物料管理员查询、导出退料申请明细查询,L3,验证物料管理员查询、导出退料申请明细查询,"1.系统运行正常
2.使用物料管理员角色登陆系统","1.点击查询退料申请明细数据
2.点击重置查询条件
3.点击导出","1.正常查询出符合查询条件的退料申请明细数据
2.正常清空查询条件，并查询出所有的退料申请明细数据
3.正常导出符合查询条件的退料申请明细数据",,冯云梦,UAT,
9169,,功能,物资管理-SCM退料申请单,SCM退料申请单,物料管理员查询、导出，同步SCM退料申请单,L3,验证物料管理员查询、导出，同步SCM退料申请单,"1.系统运行正常
2.使用物料管理员角色登陆系统","1.点击查询SCM退料申请单
2.点击重置查询条件
3.点击导出按钮
4.点击同步SCM退料申请单","1.正常查询出符合查询条件的SCM退料申请单
2.正常清空查询条件，并查询出所有的SCM退料申请单数据
3.正常导出符合查询条件的SCM退料申请单数据
4.正常同步所选的项目下的SCM退料申请单",,冯云梦,UAT,
9169,,功能,物资管理-SCM退库单,SCM退库单,物料管理员查询、导出，同步SCM退库单,L3,验证物料管理员查询、导出，同步SCM退库单,"1.系统运行正常
2.使用物料管理员角色登陆系统","1.点击查询SCM退库单
2.点击重置查询条件
3.点击导出按钮
4.点击同步SCM退库单","1.正常查询出符合查询条件的SCM退库单
2.正常清空查询条件，并查询出所有的SCM退库单数据
3.正常导出符合查询条件的SCM退库单数据
4.正常同步所选的项目下的SCM退库单",,冯云梦,UAT,
9169,,功能,物资管理-SCM退库单明细查询,SCM退库单明细查询,物料管理员查询、导出，同步SCM退库单明细查询,L3,验证物料管理员查询、导出，同步SCM退库单明细查询,"1.系统运行正常
2.使用物料管理员角色登陆系统","1.点击查询SCM退库单明细
2.点击重置查询条件
3.点击导出按钮
4.点击同步SCM退库单明细","1.正常查询出符合查询条件的SCM退库单明细
2.正常清空查询条件，并查询出所有的SCM退库单明细数据
3.正常导出符合查询条件的SCM退库单明细数据
4.正常同步所选的项目下的SCM退库单明细",,冯云梦,UAT,
9169,,功能,物资管理-现场物资转移单,现场物资转移单,物料管理员查询、导出现场物资转移单,L3,验证物料管理员查询、导出现场物资转移单,"1.系统运行正常
2.使用物料管理员角色登陆系统","1.点击查询现场物资转移单
2.点击重置查询条件
3.点击导出按钮","1.正常查询出符合查询条件的现场物资转移单
2.正常清空查询条件，并查询出所有的现场物资转移单数据
3.正常导出符合查询条件的现场物资转移单数据",,冯云梦,UAT,
9169,,功能,物资管理-现场物资转移单,现场物资转移单-新增,物料管理员新增现场物资转移单,L2,验证物料管理员新增现场物资转移单,"1.系统运行正常
2.使用物料管理员角色登陆系统",1.点击新增现场物资转移单,1.正常新增现场物资转移单,,冯云梦,UAT,
9169,,功能,物资管理-PMS多对多调拨申请单,PMS多对多调拨申请单,物料管理员查询、导出，同步PMS多对多调拨申请单,L3,验证物料管理员查询、导出，同步PMS多对多调拨申请单,"1.系统运行正常
2.使用物料管理员角色登陆系统","1.点击查询PMS多对多调拨申请单
2.点击重置查询条件
3.点击导出按钮
4.点击同步PMS多对多调拨申请单","1.正常查询出符合查询条件的PMS多对多调拨申请单
2.正常清空查询条件，并查询出所有的PMS多对多调拨申请单数据
3.正常导出符合查询条件的PMS多对多调拨申请单数据
4.正常同步所选的项目下的PMS多对多调拨申请单",,冯云梦,UAT,
9169,,功能,物资管理-PMS多对多调拨申请单,PMS多对多调拨申请单-新增,物料管理员新增PMS多对多调拨申请单,L2,验证物料管理员新增PMS多对多调拨申请单,"1.系统运行正常
2.使用物料管理员角色登陆系统",1.点击新增PMS多对多调拨申请单,1.正常新增PMS多对多调拨申请单,,冯云梦,UAT,
9169,,功能,物资管理-仓库物资台账,仓库物资台账,物料管理员查询、导出仓库物资台账,L3,验证物料管理员查询、导出仓库物资台账,"1.系统运行正常
2.使用物料管理员角色登陆系统","1.点击查询仓库物资台账
2.点击重置查询条件
3.点击导出按钮","1.正常查询出符合查询条件的仓库物资台账
2.正常清空查询条件，并查询出所有的仓库物资台账数据
3.正常导出符合查询条件的仓库物资台账数据",,冯云梦,UAT,
9169,,功能,物资管理-物资接收进度查询,物资接收进度查询,物料管理员查询、导出物资接收进度查询,L3,验证物料管理员查询、导出物资接收进度查询,"1.系统运行正常
2.使用物料管理员角色登陆系统","1.点击查询物资接收进度
2.点击重置查询条件
3.点击导出按钮","1.正常查询出符合查询条件的物资接收进度
2.正常清空查询条件，并查询出所有的物资接收进度数据
3.正常导出符合查询条件的物资接收进度数据",,冯云梦,UAT,
9169,,功能,物资管理-物料查询,物料查询,物料管理员查询、导出物料查询,L3,验证物料管理员查询、导出物料查询,"1.系统运行正常
2.使用物料管理员角色登陆系统","1.点击查询物料
2.点击重置查询条件
3.点击导出按钮","1.正常查询出符合查询条件的物料
2.正常清空查询条件，并查询出所有的物料数据
3.正常导出符合查询条件的物料数据",,冯云梦,UAT,
9169,,功能,物资管理-物资货码查询,物资货码查询,物料管理员查询、导出物资货码查询,L3,验证物料管理员查询、导出物资货码查询,"1.系统运行正常
2.使用物料管理员角色登陆系统","1.点击查询物资货码
2.点击重置查询条件
3.点击导出按钮","1.正常查询出符合查询条件的物资货码
2.正常清空查询条件，并查询出所有的物资货码数据
3.正常导出符合查询条件的物资货码数据",,冯云梦,UAT,
9169,,功能,物资管理-任务管理台账,任务管理台账,物料管理员查询、导出任务管理台账,L3,验证物料管理员查询、导出任务管理台账,"1.系统运行正常
2.使用物料管理员角色登陆系统","1.点击查询任务管理台账
2.点击重置查询条件
3.点击导出按钮","1.正常查询出符合查询条件的任务管理台账
2.正常清空查询条件，并查询出所有的任务管理台账数据
3.正常导出符合查询条件的任务管理台账数据",,冯云梦,UAT,
9169,,功能,物资管理-项目管理台账,项目管理台账,物料管理员查询、导出项目管理台账,L3,验证物料管理员查询、导出项目管理台账,"1.系统运行正常
2.使用物料管理员角色登陆系统","1.点击查询项目管理台账
2.点击重置查询条件
3.点击导出按钮","1.正常查询出符合查询条件的项目管理台账
2.正常清空查询条件，并查询出所有的项目管理台账数据
3.正常导出符合查询条件的项目管理台账数据",,冯云梦,UAT,
9169,,功能,物资管理-设计产品物资台账,设计产品物资台账,物料管理员查询、导出设计产品物资台账,L3,验证物料管理员查询、导出设计产品物资台账,"1.系统运行正常
2.使用物料管理员角色登陆系统","1.点击查询设计产品物资台账
2.点击重置查询条件
3.点击导出按钮","1.正常查询出符合查询条件的设计产品物资台账
2.正常清空查询条件，并查询出所有的设计产品物资台账数据
3.正常导出符合查询条件的设计产品物资台账数据",,冯云梦,UAT,
9169,,功能,物资管理-施工现场物资台账,施工现场物资台账,物料管理员查询、导出施工现场物资台账,L3,验证物料管理员查询、导出施工现场物资台账,"1.系统运行正常
2.使用物料管理员角色登陆系统","1.点击查询施工现场物资台账
2.点击重置查询条件
3.点击导出按钮","1.正常查询出符合查询条件的施工现场物资台账
2.正常清空查询条件，并查询出所有的施工现场物资台账数据
3.正常导出符合查询条件的施工现场物资台账数据",,冯云梦,UAT,
9169,,功能,物资管理-施工单位仓库&中转仓,施工单位仓库,物料管理员查询、导出施工单位仓库&中转仓,L3,验证物料管理员查询、导出施工单位仓库&中转仓,"1.系统运行正常
2.使用物料管理员角色登陆系统","1.点击查询施工单位仓库&中转仓
2.点击重置查询条件
3.点击导出按钮","1.正常查询出符合查询条件的施工单位仓库&中转仓
2.正常清空查询条件，并查询出所有的施工单位仓库&中转仓数据
3.正常导出符合查询条件的施工单位仓库&中转仓数据",,冯云梦,UAT,
9169,,功能,物资管理-施工单位仓库,施工单位仓库-新增,物料管理员新增施工单位仓库,L2,验证物料管理员新增施工单位仓库,"1.系统运行正常
2.使用物料管理员角色登陆系统",1.点击新增施工单位仓库,1.正常新增施工单位仓库,,冯云梦,UAT,
9169,,功能,物资管理-其他入库单,其他入库单,物料管理员查询、导出其他入库单,L3,验证物料管理员查询、导出其他入库单,"1.系统运行正常
2.使用物料管理员角色登陆系统","1.点击查询其他入库单
2.点击重置查询条件
3.点击导出按钮","1.正常查询出符合查询条件的其他入库单
2.正常清空查询条件，并查询出所有的其他入库单数据
3.正常导出符合查询条件的其他入库单数据",,冯云梦,UAT,
9169,,功能,物资管理-其他入库单,其他入库单-新增,物料管理员新增其他入库单,L2,验证物料管理员新增其他入库单,"1.系统运行正常
2.使用物料管理员角色登陆系统",1.点击新增其他入库单,1.正常新增其他入库单,,冯云梦,UAT,
9169,,功能,物资管理-其他出库单,其他出库单,物料管理员查询、导出其他出库单,L3,验证物料管理员查询、导出其他出库单,"1.系统运行正常
2.使用物料管理员角色登陆系统","1.点击查询其他出库单
2.点击重置查询条件
3.点击导出按钮","1.正常查询出符合查询条件的其他出库单
2.正常清空查询条件，并查询出所有的其他出库单数据
3.正常导出符合查询条件的其他出库单数据",,冯云梦,UAT,
9169,,功能,物资管理-其他出库单,其他出库单-新增,物料管理员新增其他出库单,L2,验证物料管理员新增其他出库单,"1.系统运行正常
2.使用物料管理员角色登陆系统",1.点击新增其他出库单,1.正常新增其他出库单,,冯云梦,UAT,
9169,,功能,物资管理-物资领用出库单,物资领用出库单,物料管理员查询、导出物资领用出库单,L3,验证物料管理员查询、导出物资领用出库单,"1.系统运行正常
2.使用物料管理员角色登陆系统","1.点击查询物资领用出库单
2.点击重置查询条件
3.点击导出按钮","1.正常查询出符合查询条件的物资领用出库单
2.正常清空查询条件，并查询出所有的物资领用出库单数据
3.正常导出符合查询条件的物资领用出库单数据",,冯云梦,UAT,
9169,,功能,物资管理-物资领用出库单,物资领用出库单-新增,物料管理员新增物资领用出库单,L2,验证物料管理员新增物资领用出库单,"1.系统运行正常
2.使用物料管理员角色登陆系统",1.点击新增物资领用出库单,1.正常新增物资领用出库单,,冯云梦,UAT,
9169,,功能,物资管理-接收直发单,接收直发单,物料管理员查询、导出，同步接收直发单,L3,验证物料管理员查询、导出，同步接收直发单,"1.系统运行正常
2.使用物料管理员角色登陆系统","1.点击查询接收直发单
2.点击重置查询条件
3.点击导出按钮
4.点击同步接收直发单","1.正常查询出符合查询条件的接收直发单
2.正常清空查询条件，并查询出所有的接收直发单数据
3.正常导出符合查询条件的接收直发单数据
4.正常同步所选的项目下的接收直发单",,冯云梦,UAT,
9587,"【需求背景】设备串号APP端列表查询、设备串号PC端列表查询、物资货码查询功能未接入数据权限，难以查询全省数据。
【需求描述】设备串号APP端列表查询、设备串号PC端列表查询、物资货码查询功能需要接入数据权限。
【方案简述】设备串号APP端列表查询（SBCHAPP）、设备串号PC端列表查询（SBCHPC）、物资货码查询（SCMSN）功能需要接入基础服务数据权限。",功能,物资管理-物资货码查询,物资货码查询,全国权限用户查看物资货码查询,L2,验证全国权限用户查看物资货码查询,"1.系统运行正常
2.使用全国权限的用户登陆系统",1.点击查询物资货码数据,1.正常查询出全国的物资货码数据,,冯云梦,UAT,
9587,,功能,物资管理-物资货码查询,物资货码查询,省公司权限用户查看物资货码查询,L2,验证省公司权限用户查看物资货码查询,"1.系统运行正常
2.使用省公司权限的用户登陆系统",1.点击查询物资货码数据,1.正常查询出配置的对应省公司的物资货码数据,,冯云梦,UAT,
9587,,功能,物资管理-物资货码查询,物资货码查询,省本部权限用户查看物资货码查询,L2,验证省本部权限用户查看物资货码查询,"1.系统运行正常
2.使用省本部权限的用户登陆系统",1.点击查询物资货码数据,1.正常查询出配置的对应省本部的物资货码数据,,冯云梦,UAT,
9587,,功能,物资管理-物资货码查询,物资货码查询,地市公司权限用户查看物资货码查询,L2,验证地市公司权限用户查看物资货码查询,"1.系统运行正常
2.使用地市公司权限的用户登陆系统",1.点击查询物资货码数据,1.正常查询出配置的对应地市公司的物资货码数据,,冯云梦,UAT,
9587,,功能,查询-设备串号查询,设备串号查询,全国权限用户查看设备串号查询,L2,验证全国权限用户查看设备串号查询,"1.系统运行正常
2.使用全国权限的用户登陆系统",1.点击查询设备串号数据,1.正常查询出全国的设备串号数据,,冯云梦,UAT,
9587,,功能,查询-设备串号查询,设备串号查询,省公司权限用户查看设备串号查询,L2,验证省公司权限用户查看设备串号查询,"1.系统运行正常
2.使用省公司权限的用户登陆系统",1.点击查询设备串号数据,1.正常查询出配置的对应省公司的设备串号数据,,冯云梦,UAT,
9587,,功能,查询-设备串号查询,设备串号查询,省本部权限用户查看设备串号查询,L2,验证省本部权限用户查看设备串号查询,"1.系统运行正常
2.使用省本部权限的用户登陆系统",1.点击查询设备串号数据,1.正常查询出配置的对应省本部的设备串号数据,,冯云梦,UAT,
9587,,功能,查询-设备串号查询,设备串号查询,地市公司权限用户查看设备串号查询,L2,验证地市公司权限用户查看设备串号查询,"1.系统运行正常
2.使用地市公司权限的用户登陆系统",1.点击查询设备串号数据,1.正常查询出配置的对应地市公司的设备串号数据,,冯云梦,UAT,
8898,"需求背景：统一列表页面UIUE规范
需求描述：统一列表页面规范
方案描述：根据UIUE规范，调整系统列表页面的样式，详见UIUE优化内容清单列表页部分。",UIUE,物资管理-pms领料申请单,pms领料申请单列表查询条件,每行的输入框为3个，文字不换行，右对齐,L3,验证每行的输入框为3个，文字不换行，右对齐,"1.系统运行正常
2.分别使用IE，谷歌，cmcc浏览器验证",1.点击进入PMS领料申请单列表查询,每行的输入框为3个，文字不换行，右对齐,通过,冯云梦,UAT,
8898,,UIUE,物资管理-pms领料申请单,pms领料申请单列表查询条件,"条件文字后需添加冒号"":""",L3,"验证条件文字后需添加冒号"":""","1.系统运行正常
2.分别使用IE，谷歌，cmcc浏览器验证",1.点击进入PMS领料申请单列表查询,"条件文字后需添加冒号"":""",通过,冯云梦,UAT,
8898,,UIUE,物资管理-pms领料申请单,pms领料申请单列表查询条件,输入框默认提示请输入，下拉框默认提示请选择,L3,验证输入框默认提示请输入，下拉框默认提示请选择,"1.系统运行正常
2.分别使用IE，谷歌，cmcc浏览器验证",1.点击进入PMS领料申请单列表查询,输入框默认提示请输入，下拉框默认提示请选择,通过,冯云梦,UAT,
8898,,UIUE,物资管理-pms领料申请单,pms领料申请单列表查询条件,下拉框选择后鼠标移上去要显示清空按钮【X】,L3,验证下拉框选择后鼠标移上去要显示清空按钮【X】,"1.系统运行正常
2.分别使用IE，谷歌，cmcc浏览器验证",1.点击进入PMS领料申请单列表查询,下拉框选择后鼠标移上去要显示清空按钮【X】,通过,冯云梦,UAT,
8898,,UIUE,物资管理-pms领料申请单,pms领料申请单列表查询条件,查询、重置按钮统一放搜索框右下角，右对齐,L3,验证查询、重置按钮统一放搜索框右下角，右对齐,"1.系统运行正常
2.分别使用IE，谷歌，cmcc浏览器验证",1.点击进入PMS领料申请单列表查询,查询、重置按钮统一放搜索框右下角，右对齐,通过,冯云梦,UAT,
8898,,UIUE,物资管理-pms领料申请单,pms领料申请单列表查询条件,查询按钮统一叫查询，不叫搜索,L3,验证查询按钮统一叫查询，不叫搜索,"1.系统运行正常
2.分别使用IE，谷歌，cmcc浏览器验证",1.点击进入PMS领料申请单列表查询,查询按钮统一叫查询，不叫搜索,通过,冯云梦,UAT,
8898,,UIUE,物资管理-pms领料申请单,pms领料申请单列表查询条件,所有输入框支持回车搜索,L3,验证所有输入框支持回车搜索,"1.系统运行正常
2.分别使用IE，谷歌，cmcc浏览器验证",1.点击进入PMS领料申请单列表查询,所有输入框支持回车搜索,通过,冯云梦,UAT,
8898,,UIUE,物资管理-pms领料申请单,pms领料申请单列表查询条件,根据实际场景增加最大字符限制,L3,验证根据实际场景增加最大字符限制,"1.系统运行正常
2.分别使用IE，谷歌，cmcc浏览器验证",1.点击进入PMS领料申请单列表查询,根据实际场景增加最大字符限制,通过,冯云梦,UAT,
8898,,UIUE,物资管理-pms领料申请单,pms领料申请单列表查询条件,日期选择框统一,L3,验证日期选择框统一,"1.系统运行正常
2.分别使用IE，谷歌，cmcc浏览器验证",1.点击进入PMS领料申请单列表查询,日期选择框统一,通过,冯云梦,UAT,
8898,,UIUE,物资管理-pms领料申请单,pms领料申请单列表表格,标题左上角展示,L3,验证标题左上角展示,"1.系统运行正常
2.分别使用IE，谷歌，cmcc浏览器验证",1.点击进入PMS领料申请单列表查询,标题左上角展示,通过,冯云梦,UAT,
8898,,UIUE,物资管理-pms领料申请单,pms领料申请单列表表格,表格操作按钮右上角，和表格右对齐,L3,验证表格操作按钮右上角，和表格右对齐,"1.系统运行正常
2.分别使用IE，谷歌，cmcc浏览器验证",1.点击进入PMS领料申请单列表查询,表格操作按钮右上角，和表格右对齐,通过,冯云梦,UAT,
8898,,UIUE,物资管理-pms领料申请单,pms领料申请单列表表格,关键信息要显示全称，如项目名称、项目编码、任务名称、任务编码、方案名称等,L3,验证关键信息要显示全称，如项目名称、项目编码、任务名称、任务编码、方案名称等,"1.系统运行正常
2.分别使用IE，谷歌，cmcc浏览器验证",1.点击进入PMS领料申请单列表查询,关键信息要显示全称，如项目名称、项目编码、任务名称、任务编码、方案名称等,通过,冯云梦,UAT,
8898,,UIUE,物资管理-pms领料申请单,pms领料申请单列表表格,表格列宽调整，重要字段尽量完整展示，有些字段不用展示那个长，比如年份,L3,验证表格列宽调整，重要字段尽量完整展示，有些字段不用展示那个长，比如年份,"1.系统运行正常
2.分别使用IE，谷歌，cmcc浏览器验证",1.点击进入PMS领料申请单列表查询,表格列宽调整，重要字段尽量完整展示，有些字段不用展示那个长，比如年份,通过,冯云梦,UAT,
8898,,UIUE,物资管理-pms领料申请单,pms领料申请单列表表格,文字超链接：各页面表单中的标题、名称统⼀⽀持超链接，单击标题可跳转⾄对应⻚⾯,L3,验证文字超链接：各页面表单中的标题、名称统⼀⽀持超链接，单击标题可跳转⾄对应⻚⾯,"1.系统运行正常
2.分别使用IE，谷歌，cmcc浏览器验证",1.点击进入PMS领料申请单列表查询,文字超链接：各页面表单中的标题、名称统⼀⽀持超链接，单击标题可跳转⾄对应⻚⾯,通过,冯云梦,UAT,
8898,,UIUE,物资管理-pms领料申请单,pms领料申请单列表表格,列表查询页面，加入“共多少条”的统计,L3,验证列表查询页面，加入“共多少条”的统计,"1.系统运行正常
2.分别使用IE，谷歌，cmcc浏览器验证",1.点击进入PMS领料申请单列表查询,列表查询页面，加入“共多少条”的统计,通过,冯云梦,UAT,
8898,,UIUE,物资管理-pms领料申请单,pms领料申请单列表表格,支持点击行选中,L3,验证支持点击行选中,"1.系统运行正常
2.分别使用IE，谷歌，cmcc浏览器验证",1.点击进入PMS领料申请单列表查询,支持点击行选中,通过,冯云梦,UAT,
8898,,UIUE,物资管理-pms领料申请单,pms领料申请单列表表格,列表过长，滑动时关键列固定,L3,验证列表过长，滑动时关键列固定,"1.系统运行正常
2.分别使用IE，谷歌，cmcc浏览器验证",1.点击进入PMS领料申请单列表查询,列表过长，滑动时关键列固定,通过,冯云梦,UAT,
8898,,UIUE,物资管理-pms领料申请单,pms领料申请单列表表格,单元格点击扩大点击范围，而不是只能点击文字,L3,验证单元格点击扩大点击范围，而不是只能点击文字,"1.系统运行正常
2.分别使用IE，谷歌，cmcc浏览器验证",1.点击进入PMS领料申请单列表查询,单元格点击扩大点击范围，而不是只能点击文字,通过,冯云梦,UAT,
8898,,UIUE,物资管理-pms领料申请单,pms领料申请单列表表格,操作按钮统一放到表格第一列,L3,验证操作按钮统一放到表格第一列,"1.系统运行正常
2.分别使用IE，谷歌，cmcc浏览器验证",1.点击进入PMS领料申请单列表查询,操作按钮统一放到表格第一列,通过,冯云梦,UAT,
8898,,UIUE,物资管理-pms领料申请单,pms领料申请单列表表格,列表标题⼀般不能过⻓，不超过8个字最佳，并且标题尽量不要换⾏显示，必须换⾏时不超过两⾏，如表格⼀屏显示不下可滑动显示。,L3,验证列表标题⼀般不能过⻓，不超过8个字最佳，并且标题尽量不要换⾏显示，必须换⾏时不超过两⾏，如表格⼀屏显示不下可滑动显示。,"1.系统运行正常
2.分别使用IE，谷歌，cmcc浏览器验证",1.点击进入PMS领料申请单列表查询,列表标题⼀般不能过⻓，不超过8个字最佳，并且标题尽量不要换⾏显示，必须换⾏时不超过两⾏，如表格⼀屏显示不下可滑动显示。,通过,冯云梦,UAT,
8898,,UIUE,物资管理-pms领料申请单,pms领料申请单列表表格,列表的⼀般内容为居中对⻬；操作列居中对⻬；⾦额类数字右对⻬；对于字数不可控的名称⼀般为左对⻬,L3,验证列表的⼀般内容为居中对⻬；操作列居中对⻬；⾦额类数字右对⻬；对于字数不可控的名称⼀般为左对⻬,"1.系统运行正常
2.分别使用IE，谷歌，cmcc浏览器验证",1.点击进入PMS领料申请单列表查询,列表的⼀般内容为居中对⻬；操作列居中对⻬；⾦额类数字右对⻬；对于字数不可控的名称⼀般为左对⻬,通过,冯云梦,UAT,
8898,,UIUE,物资管理-pms领料申请单,pms领料申请单列表导出,附件大小超过1M的都按M显示,L3,验证附件大小超过1M的都按M显示,"1.系统运行正常
2.分别使用IE，谷歌，cmcc浏览器验证",1.点击进入PMS领料申请单列表查询,附件大小超过1M的都按M显示,通过,冯云梦,UAT,
8898,,UIUE,物资管理-物资申领单,物资申领单列表查询条件,每行的输入框为3个，文字不换行，右对齐,L3,验证每行的输入框为3个，文字不换行，右对齐,"1.系统运行正常
2.分别使用IE，谷歌，cmcc浏览器验证",1.点击进入物资申领单列表查询,每行的输入框为3个，文字不换行，右对齐,通过,冯云梦,UAT,
8898,,UIUE,物资管理-物资申领单,物资申领单列表查询条件,"条件文字后需添加冒号"":""",L3,"验证条件文字后需添加冒号"":""","1.系统运行正常
2.分别使用IE，谷歌，cmcc浏览器验证",1.点击进入物资申领单列表查询,"条件文字后需添加冒号"":""",通过,冯云梦,UAT,
8898,,UIUE,物资管理-物资申领单,物资申领单列表查询条件,输入框默认提示请输入，下拉框默认提示请选择,L3,验证输入框默认提示请输入，下拉框默认提示请选择,"1.系统运行正常
2.分别使用IE，谷歌，cmcc浏览器验证",1.点击进入物资申领单列表查询,输入框默认提示请输入，下拉框默认提示请选择,通过,冯云梦,UAT,
8898,,UIUE,物资管理-物资申领单,物资申领单列表查询条件,下拉框选择后鼠标移上去要显示清空按钮【X】,L3,验证下拉框选择后鼠标移上去要显示清空按钮【X】,"1.系统运行正常
2.分别使用IE，谷歌，cmcc浏览器验证",1.点击进入物资申领单列表查询,下拉框选择后鼠标移上去要显示清空按钮【X】,通过,冯云梦,UAT,
8898,,UIUE,物资管理-物资申领单,物资申领单列表查询条件,查询、重置按钮统一放搜索框右下角，右对齐,L3,验证查询、重置按钮统一放搜索框右下角，右对齐,"1.系统运行正常
2.分别使用IE，谷歌，cmcc浏览器验证",1.点击进入物资申领单列表查询,查询、重置按钮统一放搜索框右下角，右对齐,通过,冯云梦,UAT,
8898,,UIUE,物资管理-物资申领单,物资申领单列表查询条件,查询按钮统一叫查询，不叫搜索,L3,验证查询按钮统一叫查询，不叫搜索,"1.系统运行正常
2.分别使用IE，谷歌，cmcc浏览器验证",1.点击进入物资申领单列表查询,查询按钮统一叫查询，不叫搜索,通过,冯云梦,UAT,
8898,,UIUE,物资管理-物资申领单,物资申领单列表查询条件,所有输入框支持回车搜索,L3,验证所有输入框支持回车搜索,"1.系统运行正常
2.分别使用IE，谷歌，cmcc浏览器验证",1.点击进入物资申领单列表查询,所有输入框支持回车搜索,通过,冯云梦,UAT,
8898,,UIUE,物资管理-物资申领单,物资申领单列表查询条件,根据实际场景增加最大字符限制,L3,验证根据实际场景增加最大字符限制,"1.系统运行正常
2.分别使用IE，谷歌，cmcc浏览器验证",1.点击进入物资申领单列表查询,根据实际场景增加最大字符限制,通过,冯云梦,UAT,
8898,,UIUE,物资管理-物资申领单,物资申领单列表查询条件,日期选择框统一,L3,验证日期选择框统一,"1.系统运行正常
2.分别使用IE，谷歌，cmcc浏览器验证",1.点击进入物资申领单列表查询,日期选择框统一,通过,冯云梦,UAT,
8898,,UIUE,物资管理-物资申领单,物资申领单列表表格,标题左上角展示,L3,验证标题左上角展示,"1.系统运行正常
2.分别使用IE，谷歌，cmcc浏览器验证",1.点击进入物资申领单列表查询,标题左上角展示,通过,冯云梦,UAT,
8898,,UIUE,物资管理-物资申领单,物资申领单列表表格,表格操作按钮右上角，和表格右对齐,L3,验证表格操作按钮右上角，和表格右对齐,"1.系统运行正常
2.分别使用IE，谷歌，cmcc浏览器验证",1.点击进入物资申领单列表查询,表格操作按钮右上角，和表格右对齐,通过,冯云梦,UAT,
8898,,UIUE,物资管理-物资申领单,物资申领单列表表格,关键信息要显示全称，如项目名称、项目编码、任务名称、任务编码、方案名称等,L3,验证关键信息要显示全称，如项目名称、项目编码、任务名称、任务编码、方案名称等,"1.系统运行正常
2.分别使用IE，谷歌，cmcc浏览器验证",1.点击进入物资申领单列表查询,关键信息要显示全称，如项目名称、项目编码、任务名称、任务编码、方案名称等,通过,冯云梦,UAT,
8898,,UIUE,物资管理-物资申领单,物资申领单列表表格,表格列宽调整，重要字段尽量完整展示，有些字段不用展示那个长，比如年份,L3,验证表格列宽调整，重要字段尽量完整展示，有些字段不用展示那个长，比如年份,"1.系统运行正常
2.分别使用IE，谷歌，cmcc浏览器验证",1.点击进入物资申领单列表查询,表格列宽调整，重要字段尽量完整展示，有些字段不用展示那个长，比如年份,通过,冯云梦,UAT,
8898,,UIUE,物资管理-物资申领单,物资申领单列表表格,文字超链接：各页面表单中的标题、名称统⼀⽀持超链接，单击标题可跳转⾄对应⻚⾯,L3,验证文字超链接：各页面表单中的标题、名称统⼀⽀持超链接，单击标题可跳转⾄对应⻚⾯,"1.系统运行正常
2.分别使用IE，谷歌，cmcc浏览器验证",1.点击进入物资申领单列表查询,文字超链接：各页面表单中的标题、名称统⼀⽀持超链接，单击标题可跳转⾄对应⻚⾯,通过,冯云梦,UAT,
8898,,UIUE,物资管理-物资申领单,物资申领单列表表格,列表查询页面，加入“共多少条”的统计,L3,验证列表查询页面，加入“共多少条”的统计,"1.系统运行正常
2.分别使用IE，谷歌，cmcc浏览器验证",1.点击进入物资申领单列表查询,列表查询页面，加入“共多少条”的统计,通过,冯云梦,UAT,
8898,,UIUE,物资管理-物资申领单,物资申领单列表表格,支持点击行选中,L3,验证支持点击行选中,"1.系统运行正常
2.分别使用IE，谷歌，cmcc浏览器验证",1.点击进入物资申领单列表查询,支持点击行选中,通过,冯云梦,UAT,
8898,,UIUE,物资管理-物资申领单,物资申领单列表表格,列表过长，滑动时关键列固定,L3,验证列表过长，滑动时关键列固定,"1.系统运行正常
2.分别使用IE，谷歌，cmcc浏览器验证",1.点击进入物资申领单列表查询,列表过长，滑动时关键列固定,通过,冯云梦,UAT,
8898,,UIUE,物资管理-物资申领单,物资申领单列表表格,单元格点击扩大点击范围，而不是只能点击文字,L3,验证单元格点击扩大点击范围，而不是只能点击文字,"1.系统运行正常
2.分别使用IE，谷歌，cmcc浏览器验证",1.点击进入物资申领单列表查询,单元格点击扩大点击范围，而不是只能点击文字,通过,冯云梦,UAT,
8898,,UIUE,物资管理-物资申领单,物资申领单列表表格,操作按钮统一放到表格第一列,L3,验证操作按钮统一放到表格第一列,"1.系统运行正常
2.分别使用IE，谷歌，cmcc浏览器验证",1.点击进入物资申领单列表查询,操作按钮统一放到表格第一列,通过,冯云梦,UAT,
8898,,UIUE,物资管理-物资申领单,物资申领单列表表格,列表标题⼀般不能过⻓，不超过8个字最佳，并且标题尽量不要换⾏显示，必须换⾏时不超过两⾏，如表格⼀屏显示不下可滑动显示。,L3,验证列表标题⼀般不能过⻓，不超过8个字最佳，并且标题尽量不要换⾏显示，必须换⾏时不超过两⾏，如表格⼀屏显示不下可滑动显示。,"1.系统运行正常
2.分别使用IE，谷歌，cmcc浏览器验证",1.点击进入物资申领单列表查询,列表标题⼀般不能过⻓，不超过8个字最佳，并且标题尽量不要换⾏显示，必须换⾏时不超过两⾏，如表格⼀屏显示不下可滑动显示。,通过,冯云梦,UAT,
8898,,UIUE,物资管理-物资申领单,物资申领单列表表格,列表的⼀般内容为居中对⻬；操作列居中对⻬；⾦额类数字右对⻬；对于字数不可控的名称⼀般为左对⻬,L3,验证列表的⼀般内容为居中对⻬；操作列居中对⻬；⾦额类数字右对⻬；对于字数不可控的名称⼀般为左对⻬,"1.系统运行正常
2.分别使用IE，谷歌，cmcc浏览器验证",1.点击进入物资申领单列表查询,列表的⼀般内容为居中对⻬；操作列居中对⻬；⾦额类数字右对⻬；对于字数不可控的名称⼀般为左对⻬,通过,冯云梦,UAT,
8898,,UIUE,物资管理-物资申领单,物资申领单下载PDF文件,附件大小超过1M的都按M显示,L3,验证附件大小超过1M的都按M显示,"1.系统运行正常
2.分别使用IE，谷歌，cmcc浏览器验证",1.点击进入物资申领单列表查询,附件大小超过1M的都按M显示,通过,冯云梦,UAT,
8898,,UIUE,物资管理-scm领料申请单,SCM领料申请单列表查询条件,每行的输入框为3个，文字不换行，右对齐,L3,验证每行的输入框为3个，文字不换行，右对齐,"1.系统运行正常
2.分别使用IE，谷歌，cmcc浏览器验证",1.点击进入SCM领料申请单列表查询,每行的输入框为3个，文字不换行，右对齐,通过,冯云梦,UAT,
8898,,UIUE,物资管理-scm领料申请单,SCM领料申请单列表查询条件,"条件文字后需添加冒号"":""",L3,"验证条件文字后需添加冒号"":""","1.系统运行正常
2.分别使用IE，谷歌，cmcc浏览器验证",1.点击进入SCM领料申请单列表查询,"条件文字后需添加冒号"":""",通过,冯云梦,UAT,
8898,,UIUE,物资管理-scm领料申请单,SCM领料申请单列表查询条件,输入框默认提示请输入，下拉框默认提示请选择,L3,验证输入框默认提示请输入，下拉框默认提示请选择,"1.系统运行正常
2.分别使用IE，谷歌，cmcc浏览器验证",1.点击进入SCM领料申请单列表查询,输入框默认提示请输入，下拉框默认提示请选择,,冯云梦,UAT,
8898,,UIUE,物资管理-scm领料申请单,SCM领料申请单列表查询条件,下拉框选择后鼠标移上去要显示清空按钮【X】,L3,验证下拉框选择后鼠标移上去要显示清空按钮【X】,"1.系统运行正常
2.分别使用IE，谷歌，cmcc浏览器验证",1.点击进入SCM领料申请单列表查询,下拉框选择后鼠标移上去要显示清空按钮【X】,,冯云梦,UAT,
8898,,UIUE,物资管理-scm领料申请单,SCM领料申请单列表查询条件,查询、重置按钮统一放搜索框右下角，右对齐,L3,验证查询、重置按钮统一放搜索框右下角，右对齐,"1.系统运行正常
2.分别使用IE，谷歌，cmcc浏览器验证",1.点击进入SCM领料申请单列表查询,查询、重置按钮统一放搜索框右下角，右对齐,,冯云梦,UAT,
8898,,UIUE,物资管理-scm领料申请单,SCM领料申请单列表查询条件,查询按钮统一叫查询，不叫搜索,L3,验证查询按钮统一叫查询，不叫搜索,"1.系统运行正常
2.分别使用IE，谷歌，cmcc浏览器验证",1.点击进入SCM领料申请单列表查询,查询按钮统一叫查询，不叫搜索,,冯云梦,UAT,
8898,,UIUE,物资管理-scm领料申请单,SCM领料申请单列表查询条件,所有输入框支持回车搜索,L3,验证所有输入框支持回车搜索,"1.系统运行正常
2.分别使用IE，谷歌，cmcc浏览器验证",1.点击进入SCM领料申请单列表查询,所有输入框支持回车搜索,,冯云梦,UAT,
8898,,UIUE,物资管理-scm领料申请单,SCM领料申请单列表查询条件,根据实际场景增加最大字符限制,L3,验证根据实际场景增加最大字符限制,"1.系统运行正常
2.分别使用IE，谷歌，cmcc浏览器验证",1.点击进入SCM领料申请单列表查询,根据实际场景增加最大字符限制,,冯云梦,UAT,
8898,,UIUE,物资管理-scm领料申请单,SCM领料申请单列表查询条件,日期选择框统一,L3,验证日期选择框统一,"1.系统运行正常
2.分别使用IE，谷歌，cmcc浏览器验证",1.点击进入SCM领料申请单列表查询,日期选择框统一,,冯云梦,UAT,
8898,,UIUE,物资管理-scm领料申请单,SCM领料申请单列表表格,标题左上角展示,L3,验证标题左上角展示,"1.系统运行正常
2.分别使用IE，谷歌，cmcc浏览器验证",1.点击进入SCM领料申请单列表查询,标题左上角展示,,冯云梦,UAT,
8898,,UIUE,物资管理-scm领料申请单,SCM领料申请单列表表格,表格操作按钮右上角，和表格右对齐,L3,验证表格操作按钮右上角，和表格右对齐,"1.系统运行正常
2.分别使用IE，谷歌，cmcc浏览器验证",1.点击进入SCM领料申请单列表查询,表格操作按钮右上角，和表格右对齐,,冯云梦,UAT,
8898,,UIUE,物资管理-scm领料申请单,SCM领料申请单列表表格,关键信息要显示全称，如项目名称、项目编码、任务名称、任务编码、方案名称等,L3,验证关键信息要显示全称，如项目名称、项目编码、任务名称、任务编码、方案名称等,"1.系统运行正常
2.分别使用IE，谷歌，cmcc浏览器验证",1.点击进入SCM领料申请单列表查询,关键信息要显示全称，如项目名称、项目编码、任务名称、任务编码、方案名称等,,冯云梦,UAT,
8898,,UIUE,物资管理-scm领料申请单,SCM领料申请单列表表格,表格列宽调整，重要字段尽量完整展示，有些字段不用展示那个长，比如年份,L3,验证表格列宽调整，重要字段尽量完整展示，有些字段不用展示那个长，比如年份,"1.系统运行正常
2.分别使用IE，谷歌，cmcc浏览器验证",1.点击进入SCM领料申请单列表查询,表格列宽调整，重要字段尽量完整展示，有些字段不用展示那个长，比如年份,,冯云梦,UAT,
8898,,UIUE,物资管理-scm领料申请单,SCM领料申请单列表表格,文字超链接：各页面表单中的标题、名称统⼀⽀持超链接，单击标题可跳转⾄对应⻚⾯,L3,验证文字超链接：各页面表单中的标题、名称统⼀⽀持超链接，单击标题可跳转⾄对应⻚⾯,"1.系统运行正常
2.分别使用IE，谷歌，cmcc浏览器验证",1.点击进入SCM领料申请单列表查询,文字超链接：各页面表单中的标题、名称统⼀⽀持超链接，单击标题可跳转⾄对应⻚⾯,,冯云梦,UAT,
8898,,UIUE,物资管理-scm领料申请单,SCM领料申请单列表表格,列表查询页面，加入“共多少条”的统计,L3,验证列表查询页面，加入“共多少条”的统计,"1.系统运行正常
2.分别使用IE，谷歌，cmcc浏览器验证",1.点击进入SCM领料申请单列表查询,列表查询页面，加入“共多少条”的统计,,冯云梦,UAT,
8898,,UIUE,物资管理-scm领料申请单,SCM领料申请单列表表格,支持点击行选中,L3,验证支持点击行选中,"1.系统运行正常
2.分别使用IE，谷歌，cmcc浏览器验证",1.点击进入SCM领料申请单列表查询,支持点击行选中,,冯云梦,UAT,
8898,,UIUE,物资管理-scm领料申请单,SCM领料申请单列表表格,列表过长，滑动时关键列固定,L3,验证列表过长，滑动时关键列固定,"1.系统运行正常
2.分别使用IE，谷歌，cmcc浏览器验证",1.点击进入SCM领料申请单列表查询,列表过长，滑动时关键列固定,,冯云梦,UAT,
8898,,UIUE,物资管理-scm领料申请单,SCM领料申请单列表表格,单元格点击扩大点击范围，而不是只能点击文字,L3,验证单元格点击扩大点击范围，而不是只能点击文字,"1.系统运行正常
2.分别使用IE，谷歌，cmcc浏览器验证",1.点击进入SCM领料申请单列表查询,单元格点击扩大点击范围，而不是只能点击文字,,冯云梦,UAT,
8898,,UIUE,物资管理-scm领料申请单,SCM领料申请单列表表格,操作按钮统一放到表格第一列,L3,验证操作按钮统一放到表格第一列,"1.系统运行正常
2.分别使用IE，谷歌，cmcc浏览器验证",1.点击进入SCM领料申请单列表查询,操作按钮统一放到表格第一列,,冯云梦,UAT,
8898,,UIUE,物资管理-scm领料申请单,SCM领料申请单列表表格,列表标题⼀般不能过⻓，不超过8个字最佳，并且标题尽量不要换⾏显示，必须换⾏时不超过两⾏，如表格⼀屏显示不下可滑动显示。,L3,验证列表标题⼀般不能过⻓，不超过8个字最佳，并且标题尽量不要换⾏显示，必须换⾏时不超过两⾏，如表格⼀屏显示不下可滑动显示。,"1.系统运行正常
2.分别使用IE，谷歌，cmcc浏览器验证",1.点击进入SCM领料申请单列表查询,列表标题⼀般不能过⻓，不超过8个字最佳，并且标题尽量不要换⾏显示，必须换⾏时不超过两⾏，如表格⼀屏显示不下可滑动显示。,,冯云梦,UAT,
8898,,UIUE,物资管理-scm领料申请单,SCM领料申请单列表表格,列表的⼀般内容为居中对⻬；操作列居中对⻬；⾦额类数字右对⻬；对于字数不可控的名称⼀般为左对⻬,L3,验证列表的⼀般内容为居中对⻬；操作列居中对⻬；⾦额类数字右对⻬；对于字数不可控的名称⼀般为左对⻬,"1.系统运行正常
2.分别使用IE，谷歌，cmcc浏览器验证",1.点击进入SCM领料申请单列表查询,列表的⼀般内容为居中对⻬；操作列居中对⻬；⾦额类数字右对⻬；对于字数不可控的名称⼀般为左对⻬,,冯云梦,UAT,
8898,,UIUE,物资管理-scm领料申请单,SCM领料申请单列表导出,附件大小超过1M的都按M显示,L3,验证附件大小超过1M的都按M显示,"1.系统运行正常
2.分别使用IE，谷歌，cmcc浏览器验证",1.点击进入SCM领料申请单列表查询,附件大小超过1M的都按M显示,,冯云梦,UAT,
8898,,UIUE,物资管理-领料申请明细查询(设计产品),领料申请明细查询（设计产品）列表查询条件,每行的输入框为3个，文字不换行，右对齐,L3,验证每行的输入框为3个，文字不换行，右对齐,"1.系统运行正常
2.分别使用IE，谷歌，cmcc浏览器验证",1.点击进入领料申请明细查询（设计产品）列表查询,每行的输入框为3个，文字不换行，右对齐,,冯云梦,UAT,
8898,,UIUE,物资管理-领料申请明细查询(设计产品),领料申请明细查询（设计产品）列表查询条件,"条件文字后需添加冒号"":""",L3,"验证条件文字后需添加冒号"":""","1.系统运行正常
2.分别使用IE，谷歌，cmcc浏览器验证",1.点击进入领料申请明细查询（设计产品）列表查询,"条件文字后需添加冒号"":""",,冯云梦,UAT,
8898,,UIUE,物资管理-领料申请明细查询(设计产品),领料申请明细查询（设计产品）列表查询条件,输入框默认提示请输入，下拉框默认提示请选择,L3,验证输入框默认提示请输入，下拉框默认提示请选择,"1.系统运行正常
2.分别使用IE，谷歌，cmcc浏览器验证",1.点击进入领料申请明细查询（设计产品）列表查询,输入框默认提示请输入，下拉框默认提示请选择,,冯云梦,UAT,
8898,,UIUE,物资管理-领料申请明细查询(设计产品),领料申请明细查询（设计产品）列表查询条件,下拉框选择后鼠标移上去要显示清空按钮【X】,L3,验证下拉框选择后鼠标移上去要显示清空按钮【X】,"1.系统运行正常
2.分别使用IE，谷歌，cmcc浏览器验证",1.点击进入领料申请明细查询（设计产品）列表查询,下拉框选择后鼠标移上去要显示清空按钮【X】,,冯云梦,UAT,
8898,,UIUE,物资管理-领料申请明细查询(设计产品),领料申请明细查询（设计产品）列表查询条件,查询、重置按钮统一放搜索框右下角，右对齐,L3,验证查询、重置按钮统一放搜索框右下角，右对齐,"1.系统运行正常
2.分别使用IE，谷歌，cmcc浏览器验证",1.点击进入领料申请明细查询（设计产品）列表查询,查询、重置按钮统一放搜索框右下角，右对齐,,冯云梦,UAT,
8898,,UIUE,物资管理-领料申请明细查询(设计产品),领料申请明细查询（设计产品）列表查询条件,查询按钮统一叫查询，不叫搜索,L3,验证查询按钮统一叫查询，不叫搜索,"1.系统运行正常
2.分别使用IE，谷歌，cmcc浏览器验证",1.点击进入领料申请明细查询（设计产品）列表查询,查询按钮统一叫查询，不叫搜索,,冯云梦,UAT,
8898,,UIUE,物资管理-领料申请明细查询(设计产品),领料申请明细查询（设计产品）列表查询条件,所有输入框支持回车搜索,L3,验证所有输入框支持回车搜索,"1.系统运行正常
2.分别使用IE，谷歌，cmcc浏览器验证",1.点击进入领料申请明细查询（设计产品）列表查询,所有输入框支持回车搜索,,冯云梦,UAT,
8898,,UIUE,物资管理-领料申请明细查询(设计产品),领料申请明细查询（设计产品）列表查询条件,根据实际场景增加最大字符限制,L3,验证根据实际场景增加最大字符限制,"1.系统运行正常
2.分别使用IE，谷歌，cmcc浏览器验证",1.点击进入领料申请明细查询（设计产品）列表查询,根据实际场景增加最大字符限制,,冯云梦,UAT,
8898,,UIUE,物资管理-领料申请明细查询(设计产品),领料申请明细查询（设计产品）列表查询条件,日期选择框统一,L3,验证日期选择框统一,"1.系统运行正常
2.分别使用IE，谷歌，cmcc浏览器验证",1.点击进入领料申请明细查询（设计产品）列表查询,日期选择框统一,,冯云梦,UAT,
8898,,UIUE,物资管理-领料申请明细查询(设计产品),领料申请明细查询（设计产品）列表表格,标题左上角展示,L3,验证标题左上角展示,"1.系统运行正常
2.分别使用IE，谷歌，cmcc浏览器验证",1.点击进入领料申请明细查询（设计产品）列表查询,标题左上角展示,,冯云梦,UAT,
8898,,UIUE,物资管理-领料申请明细查询(设计产品),领料申请明细查询（设计产品）列表表格,表格操作按钮右上角，和表格右对齐,L3,验证表格操作按钮右上角，和表格右对齐,"1.系统运行正常
2.分别使用IE，谷歌，cmcc浏览器验证",1.点击进入领料申请明细查询（设计产品）列表查询,表格操作按钮右上角，和表格右对齐,,冯云梦,UAT,
8898,,UIUE,物资管理-领料申请明细查询(设计产品),领料申请明细查询（设计产品）列表表格,关键信息要显示全称，如项目名称、项目编码、任务名称、任务编码、方案名称等,L3,验证关键信息要显示全称，如项目名称、项目编码、任务名称、任务编码、方案名称等,"1.系统运行正常
2.分别使用IE，谷歌，cmcc浏览器验证",1.点击进入领料申请明细查询（设计产品）列表查询,关键信息要显示全称，如项目名称、项目编码、任务名称、任务编码、方案名称等,,冯云梦,UAT,
8898,,UIUE,物资管理-领料申请明细查询(设计产品),领料申请明细查询（设计产品）列表表格,表格列宽调整，重要字段尽量完整展示，有些字段不用展示那个长，比如年份,L3,验证表格列宽调整，重要字段尽量完整展示，有些字段不用展示那个长，比如年份,"1.系统运行正常
2.分别使用IE，谷歌，cmcc浏览器验证",1.点击进入领料申请明细查询（设计产品）列表查询,表格列宽调整，重要字段尽量完整展示，有些字段不用展示那个长，比如年份,,冯云梦,UAT,
8898,,UIUE,物资管理-领料申请明细查询(设计产品),领料申请明细查询（设计产品）列表表格,文字超链接：各页面表单中的标题、名称统⼀⽀持超链接，单击标题可跳转⾄对应⻚⾯,L3,验证文字超链接：各页面表单中的标题、名称统⼀⽀持超链接，单击标题可跳转⾄对应⻚⾯,"1.系统运行正常
2.分别使用IE，谷歌，cmcc浏览器验证",1.点击进入领料申请明细查询（设计产品）列表查询,文字超链接：各页面表单中的标题、名称统⼀⽀持超链接，单击标题可跳转⾄对应⻚⾯,,冯云梦,UAT,
8898,,UIUE,物资管理-领料申请明细查询(设计产品),领料申请明细查询（设计产品）列表表格,列表查询页面，加入“共多少条”的统计,L3,验证列表查询页面，加入“共多少条”的统计,"1.系统运行正常
2.分别使用IE，谷歌，cmcc浏览器验证",1.点击进入领料申请明细查询（设计产品）列表查询,列表查询页面，加入“共多少条”的统计,,冯云梦,UAT,
8898,,UIUE,物资管理-领料申请明细查询(设计产品),领料申请明细查询（设计产品）列表表格,支持点击行选中,L3,验证支持点击行选中,"1.系统运行正常
2.分别使用IE，谷歌，cmcc浏览器验证",1.点击进入领料申请明细查询（设计产品）列表查询,支持点击行选中,,冯云梦,UAT,
8898,,UIUE,物资管理-领料申请明细查询(设计产品),领料申请明细查询（设计产品）列表表格,列表过长，滑动时关键列固定,L3,验证列表过长，滑动时关键列固定,"1.系统运行正常
2.分别使用IE，谷歌，cmcc浏览器验证",1.点击进入领料申请明细查询（设计产品）列表查询,列表过长，滑动时关键列固定,,冯云梦,UAT,
8898,,UIUE,物资管理-领料申请明细查询(设计产品),领料申请明细查询（设计产品）列表表格,单元格点击扩大点击范围，而不是只能点击文字,L3,验证单元格点击扩大点击范围，而不是只能点击文字,"1.系统运行正常
2.分别使用IE，谷歌，cmcc浏览器验证",1.点击进入领料申请明细查询（设计产品）列表查询,单元格点击扩大点击范围，而不是只能点击文字,,冯云梦,UAT,
8898,,UIUE,物资管理-领料申请明细查询(设计产品),领料申请明细查询（设计产品）列表表格,操作按钮统一放到表格第一列,L3,验证操作按钮统一放到表格第一列,"1.系统运行正常
2.分别使用IE，谷歌，cmcc浏览器验证",1.点击进入领料申请明细查询（设计产品）列表查询,操作按钮统一放到表格第一列,,冯云梦,UAT,
8898,,UIUE,物资管理-领料申请明细查询(设计产品),领料申请明细查询（设计产品）列表表格,列表标题⼀般不能过⻓，不超过8个字最佳，并且标题尽量不要换⾏显示，必须换⾏时不超过两⾏，如表格⼀屏显示不下可滑动显示。,L3,验证列表标题⼀般不能过⻓，不超过8个字最佳，并且标题尽量不要换⾏显示，必须换⾏时不超过两⾏，如表格⼀屏显示不下可滑动显示。,"1.系统运行正常
2.分别使用IE，谷歌，cmcc浏览器验证",1.点击进入领料申请明细查询（设计产品）列表查询,列表标题⼀般不能过⻓，不超过8个字最佳，并且标题尽量不要换⾏显示，必须换⾏时不超过两⾏，如表格⼀屏显示不下可滑动显示。,,冯云梦,UAT,
8898,,UIUE,物资管理-领料申请明细查询(设计产品),领料申请明细查询（设计产品）列表表格,列表的⼀般内容为居中对⻬；操作列居中对⻬；⾦额类数字右对⻬；对于字数不可控的名称⼀般为左对⻬,L3,验证列表的⼀般内容为居中对⻬；操作列居中对⻬；⾦额类数字右对⻬；对于字数不可控的名称⼀般为左对⻬,"1.系统运行正常
2.分别使用IE，谷歌，cmcc浏览器验证",1.点击进入领料申请明细查询（设计产品）列表查询,列表的⼀般内容为居中对⻬；操作列居中对⻬；⾦额类数字右对⻬；对于字数不可控的名称⼀般为左对⻬,,冯云梦,UAT,
8898,,UIUE,物资管理-领料申请明细查询(设计产品),领料申请明细查询（设计产品）列表导出,附件大小超过1M的都按M显示,L3,验证附件大小超过1M的都按M显示,"1.系统运行正常
2.分别使用IE，谷歌，cmcc浏览器验证",1.点击进入领料申请明细查询（设计产品）列表查询,附件大小超过1M的都按M显示,,冯云梦,UAT,
8898,,UIUE,物资管理-领料申请明细查询(物料),领料申请明细查询（物料）列表查询条件,每行的输入框为3个，文字不换行，右对齐,L3,验证每行的输入框为3个，文字不换行，右对齐,"1.系统运行正常
2.分别使用IE，谷歌，cmcc浏览器验证",1.点击进入领料申请明细查询（物料）列表查询,每行的输入框为3个，文字不换行，右对齐,,冯云梦,UAT,
8898,,UIUE,物资管理-领料申请明细查询(物料),领料申请明细查询（物料）列表查询条件,"条件文字后需添加冒号"":""",L3,"验证条件文字后需添加冒号"":""","1.系统运行正常
2.分别使用IE，谷歌，cmcc浏览器验证",1.点击进入领料申请明细查询（物料）列表查询,"条件文字后需添加冒号"":""",,冯云梦,UAT,
8898,,UIUE,物资管理-领料申请明细查询(物料),领料申请明细查询（物料）列表查询条件,输入框默认提示请输入，下拉框默认提示请选择,L3,验证输入框默认提示请输入，下拉框默认提示请选择,"1.系统运行正常
2.分别使用IE，谷歌，cmcc浏览器验证",1.点击进入领料申请明细查询（物料）列表查询,输入框默认提示请输入，下拉框默认提示请选择,,冯云梦,UAT,
8898,,UIUE,物资管理-领料申请明细查询(物料),领料申请明细查询（物料）列表查询条件,下拉框选择后鼠标移上去要显示清空按钮【X】,L3,验证下拉框选择后鼠标移上去要显示清空按钮【X】,"1.系统运行正常
2.分别使用IE，谷歌，cmcc浏览器验证",1.点击进入领料申请明细查询（物料）列表查询,下拉框选择后鼠标移上去要显示清空按钮【X】,,冯云梦,UAT,
8898,,UIUE,物资管理-领料申请明细查询(物料),领料申请明细查询（物料）列表查询条件,查询、重置按钮统一放搜索框右下角，右对齐,L3,验证查询、重置按钮统一放搜索框右下角，右对齐,"1.系统运行正常
2.分别使用IE，谷歌，cmcc浏览器验证",1.点击进入领料申请明细查询（物料）列表查询,查询、重置按钮统一放搜索框右下角，右对齐,,冯云梦,UAT,
8898,,UIUE,物资管理-领料申请明细查询(物料),领料申请明细查询（物料）列表查询条件,查询按钮统一叫查询，不叫搜索,L3,验证查询按钮统一叫查询，不叫搜索,"1.系统运行正常
2.分别使用IE，谷歌，cmcc浏览器验证",1.点击进入领料申请明细查询（物料）列表查询,查询按钮统一叫查询，不叫搜索,,冯云梦,UAT,
8898,,UIUE,物资管理-领料申请明细查询(物料),领料申请明细查询（物料）列表查询条件,所有输入框支持回车搜索,L3,验证所有输入框支持回车搜索,"1.系统运行正常
2.分别使用IE，谷歌，cmcc浏览器验证",1.点击进入领料申请明细查询（物料）列表查询,所有输入框支持回车搜索,,冯云梦,UAT,
8898,,UIUE,物资管理-领料申请明细查询(物料),领料申请明细查询（物料）列表查询条件,根据实际场景增加最大字符限制,L3,验证根据实际场景增加最大字符限制,"1.系统运行正常
2.分别使用IE，谷歌，cmcc浏览器验证",1.点击进入领料申请明细查询（物料）列表查询,根据实际场景增加最大字符限制,,冯云梦,UAT,
8898,,UIUE,物资管理-领料申请明细查询(物料),领料申请明细查询（物料）列表查询条件,日期选择框统一,L3,验证日期选择框统一,"1.系统运行正常
2.分别使用IE，谷歌，cmcc浏览器验证",1.点击进入领料申请明细查询（物料）列表查询,日期选择框统一,,冯云梦,UAT,
8898,,UIUE,物资管理-领料申请明细查询(物料),领料申请明细查询（物料）列表表格,标题左上角展示,L3,验证标题左上角展示,"1.系统运行正常
2.分别使用IE，谷歌，cmcc浏览器验证",1.点击进入领料申请明细查询（物料）列表查询,标题左上角展示,,冯云梦,UAT,
8898,,UIUE,物资管理-领料申请明细查询(物料),领料申请明细查询（物料）列表表格,表格操作按钮右上角，和表格右对齐,L3,验证表格操作按钮右上角，和表格右对齐,"1.系统运行正常
2.分别使用IE，谷歌，cmcc浏览器验证",1.点击进入领料申请明细查询（物料）列表查询,表格操作按钮右上角，和表格右对齐,,冯云梦,UAT,
8898,,UIUE,物资管理-领料申请明细查询(物料),领料申请明细查询（物料）列表表格,关键信息要显示全称，如项目名称、项目编码、任务名称、任务编码、方案名称等,L3,验证关键信息要显示全称，如项目名称、项目编码、任务名称、任务编码、方案名称等,"1.系统运行正常
2.分别使用IE，谷歌，cmcc浏览器验证",1.点击进入领料申请明细查询（物料）列表查询,关键信息要显示全称，如项目名称、项目编码、任务名称、任务编码、方案名称等,,冯云梦,UAT,
8898,,UIUE,物资管理-领料申请明细查询(物料),领料申请明细查询（物料）列表表格,表格列宽调整，重要字段尽量完整展示，有些字段不用展示那个长，比如年份,L3,验证表格列宽调整，重要字段尽量完整展示，有些字段不用展示那个长，比如年份,"1.系统运行正常
2.分别使用IE，谷歌，cmcc浏览器验证",1.点击进入领料申请明细查询（物料）列表查询,表格列宽调整，重要字段尽量完整展示，有些字段不用展示那个长，比如年份,,冯云梦,UAT,
8898,,UIUE,物资管理-领料申请明细查询(物料),领料申请明细查询（物料）列表表格,文字超链接：各页面表单中的标题、名称统⼀⽀持超链接，单击标题可跳转⾄对应⻚⾯,L3,验证文字超链接：各页面表单中的标题、名称统⼀⽀持超链接，单击标题可跳转⾄对应⻚⾯,"1.系统运行正常
2.分别使用IE，谷歌，cmcc浏览器验证",1.点击进入领料申请明细查询（物料）列表查询,文字超链接：各页面表单中的标题、名称统⼀⽀持超链接，单击标题可跳转⾄对应⻚⾯,,冯云梦,UAT,
8898,,UIUE,物资管理-领料申请明细查询(物料),领料申请明细查询（物料）列表表格,列表查询页面，加入“共多少条”的统计,L3,验证列表查询页面，加入“共多少条”的统计,"1.系统运行正常
2.分别使用IE，谷歌，cmcc浏览器验证",1.点击进入领料申请明细查询（物料）列表查询,列表查询页面，加入“共多少条”的统计,,冯云梦,UAT,
8898,,UIUE,物资管理-领料申请明细查询(物料),领料申请明细查询（物料）列表表格,支持点击行选中,L3,验证支持点击行选中,"1.系统运行正常
2.分别使用IE，谷歌，cmcc浏览器验证",1.点击进入领料申请明细查询（物料）列表查询,支持点击行选中,,冯云梦,UAT,
8898,,UIUE,物资管理-领料申请明细查询(物料),领料申请明细查询（物料）列表表格,列表过长，滑动时关键列固定,L3,验证列表过长，滑动时关键列固定,"1.系统运行正常
2.分别使用IE，谷歌，cmcc浏览器验证",1.点击进入领料申请明细查询（物料）列表查询,列表过长，滑动时关键列固定,,冯云梦,UAT,
8898,,UIUE,物资管理-领料申请明细查询(物料),领料申请明细查询（物料）列表表格,单元格点击扩大点击范围，而不是只能点击文字,L3,验证单元格点击扩大点击范围，而不是只能点击文字,"1.系统运行正常
2.分别使用IE，谷歌，cmcc浏览器验证",1.点击进入领料申请明细查询（物料）列表查询,单元格点击扩大点击范围，而不是只能点击文字,,冯云梦,UAT,
8898,,UIUE,物资管理-领料申请明细查询(物料),领料申请明细查询（物料）列表表格,操作按钮统一放到表格第一列,L3,验证操作按钮统一放到表格第一列,"1.系统运行正常
2.分别使用IE，谷歌，cmcc浏览器验证",1.点击进入领料申请明细查询（物料）列表查询,操作按钮统一放到表格第一列,,冯云梦,UAT,
8898,,UIUE,物资管理-领料申请明细查询(物料),领料申请明细查询（物料）列表表格,列表标题⼀般不能过⻓，不超过8个字最佳，并且标题尽量不要换⾏显示，必须换⾏时不超过两⾏，如表格⼀屏显示不下可滑动显示。,L3,验证列表标题⼀般不能过⻓，不超过8个字最佳，并且标题尽量不要换⾏显示，必须换⾏时不超过两⾏，如表格⼀屏显示不下可滑动显示。,"1.系统运行正常
2.分别使用IE，谷歌，cmcc浏览器验证",1.点击进入领料申请明细查询（物料）列表查询,列表标题⼀般不能过⻓，不超过8个字最佳，并且标题尽量不要换⾏显示，必须换⾏时不超过两⾏，如表格⼀屏显示不下可滑动显示。,,冯云梦,UAT,
8898,,UIUE,物资管理-领料申请明细查询(物料),领料申请明细查询（物料）列表表格,列表的⼀般内容为居中对⻬；操作列居中对⻬；⾦额类数字右对⻬；对于字数不可控的名称⼀般为左对⻬,L3,验证列表的⼀般内容为居中对⻬；操作列居中对⻬；⾦额类数字右对⻬；对于字数不可控的名称⼀般为左对⻬,"1.系统运行正常
2.分别使用IE，谷歌，cmcc浏览器验证",1.点击进入领料申请明细查询（物料）列表查询,列表的⼀般内容为居中对⻬；操作列居中对⻬；⾦额类数字右对⻬；对于字数不可控的名称⼀般为左对⻬,,冯云梦,UAT,
8898,,UIUE,物资管理-领料申请明细查询(物料),领料申请明细查询（物料）列表导出,附件大小超过1M的都按M显示,L3,验证附件大小超过1M的都按M显示,"1.系统运行正常
2.分别使用IE，谷歌，cmcc浏览器验证",1.点击进入领料申请明细查询（物料）列表查询,附件大小超过1M的都按M显示,,冯云梦,UAT,
9633,"【背景】：广西计划使用PMS系统设备串号功能支撑一码到底现场扫码业务
【需求】：申请PMS系统配合广西采供系统联调：OSB_BP_SOA_HQ_00235_查询SCM系统SN码扫码范围信息服务（分页）-V0.1接口
【方案概述】：广西设备串号接口联调，获取省侧扫码范围。",功能,工作台-设备串号,设备串号,选择物资,L2,验证是否正常选择物资,"1.系统运行正常
2.使用施工单位负责人/施工专业负责人/施工队长角色登陆app
3.sn码数据源获取方式为省测数据源",1.新增设备串号单，填写数据，点击选择物资,1.展示对应任务下的物资（数据来源为省测），物资数量自动带出,,冯云梦,UAT,
9633,,功能,工作台-设备串号,设备串号,选择物资,L2,验证是否正常选择物资,"1.系统运行正常
2.使用施工单位负责人/施工专业负责人/施工队长角色登陆app
3.sn码数据源获取方式为出库单+sn码",1.新增设备串号单，填写数据，点击选择物资,1.展示对应任务下的物资（数据来源为出库单）,,冯云梦,UAT,
9633,,功能,工作台-设备串号,设备串号,录入项目中存在的sn码数据,L2,验证是否正常提交设备串号,"1.系统运行正常
2.使用施工单位负责人/施工专业负责人/施工队长角色登陆app",1.新增设备串号单，录入项目sn码池中存在的sn码数据，点击提交,1.正常提交设备串号单给对应的审批人,,冯云梦,UAT,
9633,,功能,工作台-设备串号,设备串号,录入项目sn码池中不存在的sn码数据,L2,验证是否正常提交设备串号,"1.系统运行正常
2.使用施工单位负责人/施工专业负责人/施工队长角色登陆app
3.启用容错机制",1.新增设备串号单，录入项目sn码池中不存在的sn码数据，点击提交,1.物资数量自动带出。弹出提示，并跳转至容错说明填写页面，填写完毕后，提交设备串号单给对应的审批人,,冯云梦,UAT,
9633,,功能,工作台-设备串号,设备串号,录入项目sn码池中不存在的sn码数据,L2,验证是否正常提交设备串号,"1.系统运行正常
2.使用施工单位负责人/施工专业负责人/施工队长角色登陆app
3.不启用容错机制",1.新增设备串号单，录入项目sn码池中不存在的sn码数据，点击提交,1.物资数量自动带出。弹出拦截提示：SN码信息不匹配，请重新录入。不允许提交单据,,冯云梦,UAT,
9777,"【背景】：新疆设备串号功能支撑一码到底现场扫码业务
【需求】：新疆设备串号接口联调
【方案概述】：接口联调：涉及接口服务: 《OSB BP SOA HO 00138 查询SN码信息路由服务 (分页) -V0.10》《OSB BP SOA HO 00139 导入一码到底信息路由服务-V0.11》测试",功能,工作台-设备串号,设备串号,选择物资,L2,验证是否正常选择物资,"1.系统运行正常
2.使用施工单位负责人/施工专业负责人/施工队长角色登陆app
3.sn码数据源获取方式为省测数据源",1.新增设备串号单，填写数据，点击选择物资,1.展示对应任务下的物资（数据来源为省测），物资数量自动带出,,冯云梦,UAT,
9777,,功能,工作台-设备串号,设备串号,选择物资,L2,验证是否正常选择物资,"1.系统运行正常
2.使用施工单位负责人/施工专业负责人/施工队长角色登陆app
3.sn码数据源获取方式为出库单+sn码",1.新增设备串号单，填写数据，点击选择物资,1.展示对应任务下的物资（数据来源为出库单）,,冯云梦,UAT,
9777,,功能,工作台-设备串号,设备串号,录入项目中存在的sn码数据,L2,验证是否正常提交设备串号,"1.系统运行正常
2.使用施工单位负责人/施工专业负责人/施工队长角色登陆app",1.新增设备串号单，录入项目sn码池中存在的sn码数据，点击提交,1.正常提交设备串号单给对应的审批人,,冯云梦,UAT,
9777,,功能,工作台-设备串号,设备串号,录入项目sn码池中不存在的sn码数据,L2,验证是否正常提交设备串号,"1.系统运行正常
2.使用施工单位负责人/施工专业负责人/施工队长角色登陆app
3.启用容错机制",1.新增设备串号单，录入项目sn码池中不存在的sn码数据，点击提交,1.物资数量自动带出。弹出提示，并跳转至容错说明填写页面，填写完毕后，提交设备串号单给对应的审批人,,冯云梦,UAT,
9777,,功能,工作台-设备串号,设备串号,录入项目sn码池中不存在的sn码数据,L2,验证是否正常提交设备串号,"1.系统运行正常
2.使用施工单位负责人/施工专业负责人/施工队长角色登陆app
3.不启用容错机制",1.新增设备串号单，录入项目sn码池中不存在的sn码数据，点击提交,1.物资数量自动带出。弹出拦截提示：SN码信息不匹配，请重新录入。不允许提交单据,,冯云梦,UAT,
9777,,功能,工作台-设备串号,设备串号,设备串号单审批完成后，推送数据至一码到底系统,L2,验证设备串号单审批完成后，推送数据至一码到底系统,"1.系统运行正常
2.使用施工单位负责人/施工专业负责人/施工队长角色登陆app",1.审批通过设备串号单，在一码到底系统查看数据,1.正常将数据推送至一码到底系统,,冯云梦,UAT,
9641,"【背景】：设备串号功能优化
【需求】：设备串号功能优化
【方案概述】：增加直接扫码功能，可以通过扫码带出对应物料名称及物料编码。",功能,工作台-设备串号,设备串号,新增直接扫码功能,L2,验证页面新增直接扫码功能,"1.系统运行正常
2.使用施工单位负责人/施工专业负责人/施工队长角色登陆app","1.点击进入设备串号单新增页面
2.点击进入设备串号单编辑页面","1.选择物资按钮右边新增扫码按钮
2.选择物资按钮右边新增扫码按钮",,冯云梦,UAT,
9641,,功能,工作台-设备串号,设备串号,新增直接录入sn码功能,L2,验证直接录入sn码功能,"1.系统运行正常
2.使用施工单位负责人/施工专业负责人/施工队长角色登陆app","1.点击进入设备串号单新增页面
2.点击进入设备串号单编辑页面","1.选择物资按钮右边新增录入串号按钮
2.选择物资按钮右边新增录入串号按钮",,冯云梦,UAT,
9641,,功能,工作台-设备串号,设备串号,扫码录入设备串号,L2,验证SN码对应物料信息存在于该任务出库单中,"1.系统运行正常
2.使用施工单位负责人/施工专业负责人/施工队长角色登陆app
3.启用出库单＋SN码数据源获取方式
4.扫码范围为不控制","1.点击直接扫码，扫描录入当前所选任务下不存在对应物料的sn码数据
2.点击直接扫码，扫描录入当前所选任务下不存在对应物料的sn码数据","1.正常录入sn码数据，并进入扫描结果页面
2.提示“当前任务下无该SN码对应物料信息，请重新录入”",,冯云梦,UAT,
9641,,功能,工作台-设备串号,设备串号,扫码录入设备串号,L2,验证保存扫描结果后，自动带出sn码对应的物料数据,"1.系统运行正常
2.使用施工单位负责人/施工专业负责人/施工队长角色登陆app
3.启用出库单＋SN码",1.点击扫描结果的保存按钮,1.返回新增主页面，并带出对应的物料编码数据,,冯云梦,UAT,
9641,,功能,工作台-设备串号,设备串号,扫码录入设备串号,L2,验证SN码是否在对应的扫码范围中,"1.系统运行正常
2.使用施工单位负责人/施工专业负责人/施工队长角色登陆app
3.启用出库单＋SN码
4.扫码范围为只允许录入同一施工单位下的sn码
5.只能使用多派工任务校验
6.不启用容错机制","1.点击直接扫码，扫描录入不在对应施工单位下的sn码数据
2.点击直接扫码，扫描录入在对应施工单位下的sn码数据","1.提示“SN码对应施工单位与发起单据选择的施工单位不符，请重新录入”
2.正常录入sn码数据，并进入扫描结果页面",,冯云梦,UAT,
9641,,功能,工作台-设备串号,设备串号,扫码录入设备串号,L2,验证SN码是否在对应的扫码范围中,"1.系统运行正常
2.使用施工单位负责人/施工专业负责人/施工队长角色登陆app
3.启用出库单＋SN码
4.扫码范围为只允许录入同一项目下的sn码
6.不启用容错机制","1.点击直接扫码，扫描录入不在对应项目下的sn码数据
2.点击直接扫码，扫描录入在对应项目下的sn码数据","1.提示“SN码对应项目与发起单据选择的项目不符，请重新录入”
2.正常录入sn码数据，并进入扫描结果页面",,冯云梦,UAT,
9641,,功能,工作台-设备串号,设备串号,扫码录入设备串号,L2,验证SN码是否在对应的扫码范围中,"1.系统运行正常
2.使用施工单位负责人/施工专业负责人/施工队长角色登陆app
3.启用出库单＋SN码
4.扫码范围为只允许录入同一出库单下的sn码
6.不启用容错机制","1.点击直接扫码，扫描录入不在对应出库单下的sn码数据
2.点击直接扫码，扫描录入在对应出库单下的sn码数据","1.提示“SN码对应出库单与发起单据选择的出库单不符，请重新录入”
2.正常录入sn码数据，并进入扫描结果页面",,冯云梦,UAT,
9641,,功能,工作台-设备串号,设备串号,扫码录入设备串号,L2,验证SN码是否在对应的扫码范围中,"1.系统运行正常
2.使用施工单位负责人/施工专业负责人/施工队长角色登陆app
3.启用省测扫码范围","1.点击直接扫码，扫描录入当前省测扫码范围下不存在对应物料的sn码数据
2.点击直接扫码，扫描录入当前省测扫码范围下不存在对应物料的sn码数据","1.正常录入sn码数据，并进入扫描结果页面
2.提示“当前任务下无该SN码信息，请重新录入”",,冯云梦,UAT,
9641,,功能,工作台-设备串号,设备串号,扫码录入设备串号,L2,验证SN码是否在对应的扫码范围中,"1.系统运行正常
2.使用施工单位负责人/施工专业负责人/施工队长角色登陆app
3.启用省测扫码范围
4.扫码范围为只允许录入同一施工单位下的sn码
5.不启用容错机制","1.点击直接扫码，扫描录入不在对应施工单位下的sn码数据
2.点击直接扫码，扫描录入在对应施工单位下的sn码数据","1.提示“SN码对应施工单位与发起单据选择的施工单位不符，请重新录入”
2.正常录入sn码数据，并进入扫描结果页面",,冯云梦,UAT,
9641,,功能,工作台-设备串号,设备串号,扫码录入设备串号,L2,验证SN码是否在对应的扫码范围中,"1.系统运行正常
2.使用施工单位负责人/施工专业负责人/施工队长角色登陆app
3.启用省测扫码范围
4.扫码范围为只允许录入同一项目下的sn码
5.不启用容错机制","1.点击直接扫码，扫描录入不在对应项目下的sn码数据
2.点击直接扫码，扫描录入在对应项目下的sn码数据","1.提示“SN码对应项目与发起单据选择的项目不符，请重新录入”
2.正常录入sn码数据，并进入扫描结果页面",,冯云梦,UAT,
9641,,功能,工作台-设备串号,设备串号,扫码录入设备串号,L2,验证SN码是否在对应的扫码范围中,"1.系统运行正常
2.使用施工单位负责人/施工专业负责人/施工队长角色登陆app
3.启用省测扫码范围
4.扫码范围为只允许录入同一出库单下的sn码
5.不启用容错机制","1.点击直接扫码，扫描录入不在对应出库单下的sn码数据
2.点击直接扫码，扫描录入在对应出库单下的sn码数据","1.提示“SN码对应出库单与发起单据选择的出库单不符，请重新录入”
2.正常录入sn码数据，并进入扫描结果页面",,冯云梦,UAT,
9641,,功能,工作台-设备串号,设备串号,扫码录入设备串号,L2,验证SN码是否在对应的扫码范围中,"1.系统运行正常
2.使用施工单位负责人/施工专业负责人/施工队长角色登陆app
3.启用省测扫码范围
4.扫码范围为只允许录入同一施工单位下的sn码
5.启用容错机制","1.点击直接扫码，扫描录入不在对应施工单位下的sn码数据
2.点击直接扫码，扫描录入在对应施工单位下的sn码数据","1.提示“SN码对应施工单位与发起单据选择的施工单位不符，请重新录入”，并进入容错说明填写页面
2.正常录入sn码数据，并进入扫描结果页面",,冯云梦,UAT,
9641,,功能,工作台-设备串号,设备串号,扫码录入设备串号,L2,验证SN码是否在对应的扫码范围中,"1.系统运行正常
2.使用施工单位负责人/施工专业负责人/施工队长角色登陆app
3.启用省测扫码范围
4.扫码范围为只允许录入同一项目下的sn码
5.启用容错机制","1.点击直接扫码，扫描录入不在对应项目下的sn码数据
2.点击直接扫码，扫描录入在对应项目下的sn码数据","1.提示“SN码对应项目与发起单据选择的项目不符，请重新录入”
2.正常录入sn码数据，并进入扫描结果页面",,冯云梦,UAT,
9641,,功能,工作台-设备串号,设备串号,扫码录入设备串号,L2,验证SN码是否在对应的扫码范围中,"1.系统运行正常
2.使用施工单位负责人/施工专业负责人/施工队长角色登陆app
3.启用省测扫码范围
4.扫码范围为只允许录入同一出库单下的sn码
5.启用容错机制","1.点击直接扫码，扫描录入不在对应出库单下的sn码数据
2.点击直接扫码，扫描录入在对应出库单下的sn码数据","1.提示“SN码对应出库单与发起单据选择的出库单不符，请重新录入”
2.正常录入sn码数据，并进入扫描结果页面",,冯云梦,UAT,
9641,,功能,工作台-设备串号,设备串号,手工直接录入设备串号,L2,验证SN码对应物料信息存在于该任务出库单中,"1.系统运行正常
2.使用施工单位负责人/施工专业负责人/施工队长角色登陆app
3.启用出库单＋SN码数据源获取方式
4.扫码范围为不控制","1.点击手工录入，扫描录入当前所选任务下不存在对应物料的sn码数据
2.点击手工录入，扫描录入当前所选任务下不存在对应物料的sn码数据","1.正常录入sn码数据，并进入扫描结果页面
2.提示“当前任务下无该SN码对应物料信息，请重新录入”",,冯云梦,UAT,
9641,,功能,工作台-设备串号,设备串号,手工直接录入设备串号,L2,验证保存扫描结果后，自动带出sn码对应的物料数据,"1.系统运行正常
2.使用施工单位负责人/施工专业负责人/施工队长角色登陆app
3.启用出库单＋SN码",1.点击扫描结果的保存按钮,1.返回新增主页面，并带出对应的物料编码数据,,冯云梦,UAT,
9641,,功能,工作台-设备串号,设备串号,手工直接录入设备串号,L2,验证SN码是否在对应的扫码范围中,"1.系统运行正常
2.使用施工单位负责人/施工专业负责人/施工队长角色登陆app
3.启用出库单＋SN码
4.扫码范围为只允许录入同一施工单位下的sn码
5.只能使用多派工任务校验
6.不启用容错机制","1.点击手工录入，扫描录入不在对应施工单位下的sn码数据
2.点击手工录入，扫描录入在对应施工单位下的sn码数据","1.提示“SN码对应施工单位与发起单据选择的施工单位不符，请重新录入”
2.正常录入sn码数据，并进入扫描结果页面",,冯云梦,UAT,
9641,,功能,工作台-设备串号,设备串号,手工直接录入设备串号,L2,验证SN码是否在对应的扫码范围中,"1.系统运行正常
2.使用施工单位负责人/施工专业负责人/施工队长角色登陆app
3.启用出库单＋SN码
4.扫码范围为只允许录入同一项目下的sn码
6.不启用容错机制","1.点击手工录入，扫描录入不在对应项目下的sn码数据
2.点击手工录入，扫描录入在对应项目下的sn码数据","1.提示“SN码对应项目与发起单据选择的项目不符，请重新录入”
2.正常录入sn码数据，并进入扫描结果页面",,冯云梦,UAT,
9641,,功能,工作台-设备串号,设备串号,手工直接录入设备串号,L2,验证SN码是否在对应的扫码范围中,"1.系统运行正常
2.使用施工单位负责人/施工专业负责人/施工队长角色登陆app
3.启用出库单＋SN码
4.扫码范围为只允许录入同一出库单下的sn码
6.不启用容错机制","1.点击手工录入，扫描录入不在对应出库单下的sn码数据
2.点击手工录入，扫描录入在对应出库单下的sn码数据","1.提示“SN码对应出库单与发起单据选择的出库单不符，请重新录入”
2.正常录入sn码数据，并进入扫描结果页面",,冯云梦,UAT,
9641,,功能,工作台-设备串号,设备串号,手工直接录入设备串号,L2,验证SN码是否在对应的扫码范围中,"1.系统运行正常
2.使用施工单位负责人/施工专业负责人/施工队长角色登陆app
3.启用省测扫码范围","1.点击手工录入，扫描录入当前省测扫码范围下不存在对应物料的sn码数据
2.点击手工录入，扫描录入当前省测扫码范围下不存在对应物料的sn码数据","1.正常录入sn码数据，并进入扫描结果页面
2.提示“当前任务下无该SN码信息，请重新录入”",,冯云梦,UAT,
9641,,功能,工作台-设备串号,设备串号,手工直接录入设备串号,L2,验证SN码是否在对应的扫码范围中,"1.系统运行正常
2.使用施工单位负责人/施工专业负责人/施工队长角色登陆app
3.启用省测扫码范围
4.扫码范围为只允许录入同一施工单位下的sn码
5.不启用容错机制","1.点击手工录入，扫描录入不在对应施工单位下的sn码数据
2.点击手工录入，扫描录入在对应施工单位下的sn码数据","1.提示“SN码对应施工单位与发起单据选择的施工单位不符，请重新录入”
2.正常录入sn码数据，并进入扫描结果页面",,冯云梦,UAT,
9641,,功能,工作台-设备串号,设备串号,手工直接录入设备串号,L2,验证SN码是否在对应的扫码范围中,"1.系统运行正常
2.使用施工单位负责人/施工专业负责人/施工队长角色登陆app
3.启用省测扫码范围
4.扫码范围为只允许录入同一项目下的sn码
5.不启用容错机制","1.点击手工录入，扫描录入不在对应项目下的sn码数据
2.点击手工录入，扫描录入在对应项目下的sn码数据","1.提示“SN码对应项目与发起单据选择的项目不符，请重新录入”
2.正常录入sn码数据，并进入扫描结果页面",,冯云梦,UAT,
9641,,功能,工作台-设备串号,设备串号,手工直接录入设备串号,L2,验证SN码是否在对应的扫码范围中,"1.系统运行正常
2.使用施工单位负责人/施工专业负责人/施工队长角色登陆app
3.启用省测扫码范围
4.扫码范围为只允许录入同一出库单下的sn码
5.不启用容错机制","1.点击手工录入，扫描录入不在对应出库单下的sn码数据
2.点击手工录入，扫描录入在对应出库单下的sn码数据","1.提示“SN码对应出库单与发起单据选择的出库单不符，请重新录入”
2.正常录入sn码数据，并进入扫描结果页面",,冯云梦,UAT,
9641,,功能,工作台-设备串号,设备串号,手工直接录入设备串号,L2,验证SN码是否在对应的扫码范围中,"1.系统运行正常
2.使用施工单位负责人/施工专业负责人/施工队长角色登陆app
3.启用省测扫码范围
4.扫码范围为只允许录入同一施工单位下的sn码
5.启用容错机制","1.点击手工录入，扫描录入不在对应施工单位下的sn码数据
2.点击手工录入，扫描录入在对应施工单位下的sn码数据","1.提示“SN码对应施工单位与发起单据选择的施工单位不符，请重新录入”，并进入容错说明填写页面
2.正常录入sn码数据，并进入扫描结果页面",,冯云梦,UAT,
9641,,功能,工作台-设备串号,设备串号,手工直接录入设备串号,L2,验证SN码是否在对应的扫码范围中,"1.系统运行正常
2.使用施工单位负责人/施工专业负责人/施工队长角色登陆app
3.启用省测扫码范围
4.扫码范围为只允许录入同一项目下的sn码
5.启用容错机制","1.点击手工录入，扫描录入不在对应项目下的sn码数据
2.点击手工录入，扫描录入在对应项目下的sn码数据","1.提示“SN码对应项目与发起单据选择的项目不符，请重新录入”
2.正常录入sn码数据，并进入扫描结果页面",,冯云梦,UAT,
9641,,功能,工作台-设备串号,设备串号,手工直接录入设备串号,L2,验证SN码是否在对应的扫码范围中,"1.系统运行正常
2.使用施工单位负责人/施工专业负责人/施工队长角色登陆app
3.启用省测扫码范围
4.扫码范围为只允许录入同一出库单下的sn码
5.启用容错机制","1.点击手工录入，扫描录入不在对应出库单下的sn码数据
2.点击手工录入，扫描录入在对应出库单下的sn码数据","1.提示“SN码对应出库单与发起单据选择的出库单不符，请重新录入”
2.正常录入sn码数据，并进入扫描结果页面",,冯云梦,UAT,
9641,,功能,工作台-设备串号,设备串号,多次扫描同一物料下不同的sn码数据,L2,验证多次扫描同一物料下不同的sn码数据,"1.系统运行正常
2.使用施工单位负责人/施工专业负责人/施工队长角色登陆app",1.点击扫描sn码，录入同一物料下不同的sn码数据,1.sn码数据正常显示在设备串号sn码详情页面,,冯云梦,UAT,
9641,,功能,工作台-设备串号,设备串号,多次手工录入同一物料下不同的sn码数据,L2,验证多次手工录入同一物料下不同的sn码数据,"1.系统运行正常
2.使用施工单位负责人/施工专业负责人/施工队长角色登陆app",1.点击手工录入，录入同一物料下不同的sn码数据,1.sn码数据正常显示在设备串号sn码详情页面,,冯云梦,UAT,
9641,,功能,工作台-设备串号,设备串号,sn码重复校验-扫描录入,L2,验证同一张设备串号单中的物料是否录入了多个相同的sn码数据,"1.系统运行正常
2.扫码环节选择安装使用
3.物资类型选择非光缆类
4.同一任务下",1.新增设备串号单，直接扫描录入多个相同的SN码数据，点击保存/保存并继续按钮,1.弹出拦截提示：当前环节SN码已录入，请勿重复录入,,冯云梦,UAT,
9641,,功能,工作台-设备串号,设备串号,sn码重复校验-扫描录入,L2,验证在同一张设备串号单中的物料是否录入了多个相同的sn码数据,"1.系统运行正常
2.扫码环节选择安装使用
3.物资类型选择光缆类
4.同一任务下",1.新增设备串号单，直接扫描录入多个相同的SN码数据，点击保存/保存并继续按钮,1.正常保存sn码数据,,冯云梦,UAT,
9641,,功能,工作台-设备串号,设备串号,sn码重复校验-扫描录入,L2,验证在同一张设备串号单中的物料是否录入了多个相同的sn码数据,"1.系统运行正常
2.扫码环节选择非安装使用的环节
3.物资类型选择非光缆类
4.同一任务下",1.新增设备串号单，直接扫描录入多个相同的SN码数据，点击保存/保存并继续按钮,1.正常保存sn码数据,,冯云梦,UAT,
9641,,功能,工作台-设备串号,设备串号,sn码重复校验-扫描录入,L2,验证在同一张设备串号单中的物料是否录入了多个相同的sn码数据,"1.系统运行正常
2.扫码环节选择非安装使用
3.物资类型选择光缆类
4.同一任务下",1.新增设备串号单，直接扫描录入多个相同的SN码数据，点击保存/保存并继续按钮,1.正常保存sn码数据,,冯云梦,UAT,
9641,,功能,工作台-设备串号,设备串号,sn码重复校验-扫描录入,L2,验证同一张设备串号单中不同的物料是否录入了多个相同的sn码数据,"1.系统运行正常
2.扫码环节选择安装使用
3.物资类型选择非光缆类
4.同一任务下",1.新增设备串号单，直接扫描录入多个相同的SN码数据，点击保存/保存并继续按钮,1.弹出拦截提示：当前环节SN码已录入，请勿重复录入,,冯云梦,UAT,
9641,,功能,工作台-设备串号,设备串号,sn码重复校验-扫描录入,L2,验证同一张设备串号单中不同的物料是否录入了多个相同的sn码数据,"1.系统运行正常
2.扫码环节选择安装使用
3.物资类型选择光缆类
4.同一任务下",1.新增设备串号单，直接扫描录入多个相同的SN码数据，点击保存/保存并继续按钮,1.正常保存sn码数据,,冯云梦,UAT,
9641,,功能,工作台-设备串号,设备串号,sn码重复校验-扫描录入,L2,验证同一张设备串号单中不同的物料是否录入了多个相同的sn码数据,"1.系统运行正常
2.扫码环节选择非安装使用的环节
3.物资类型选择非光缆类
4.同一任务下",1.新增设备串号单，直接扫描录入多个相同的SN码数据，点击保存/保存并继续按钮,1.正常保存sn码数据,,冯云梦,UAT,
9641,,功能,工作台-设备串号,设备串号,sn码重复校验-扫描录入,L2,验证同一张设备串号单中不同的物料是否录入了多个相同的sn码数据,"1.系统运行正常
2.扫码环节选择非安装使用
3.物资类型选择光缆类
4.同一任务下",1.新增设备串号单，直接扫描录入多个相同的SN码数据，点击保存/保存并继续按钮,1.正常保存sn码数据,,冯云梦,UAT,
9641,,功能,工作台-设备串号,设备串号,sn码重复校验-扫描录入,L2,验证多张设备串号单中是否录入了相同的sn码数据,"1.系统运行正常
2.扫码环节选择安装使用
3.物资类型选择非光缆类
4.单据A状态为审批中/审批完成
5.同一任务下","1.新增设备串号单，直接扫描录入多个相同的SN码数据，点击保存/保存并继续按钮
2.保存设备串号单","1.弹出拦截提示：序号x中xxSN码当前环节已录入，请勿重复录入
2.正常保存设备串号单",,冯云梦,UAT,
9641,,功能,工作台-设备串号,设备串号,sn码重复校验-扫描录入,L2,验证多张设备串号单中是否录入了相同的sn码数据,"1.系统运行正常
2.扫码环节选择安装使用
3.物资类型选择非光缆类
4.单据A状态为草稿
5.同一任务下","1.新增设备串号单，直接扫描录入多个相同的SN码数据，点击保存/保存并继续按钮
2.其中一个设备串号单提交审批
3.编辑另一张设备串号单，点击提交","1.正常保存sn码数据
2.正常提交审批
3.弹出拦截提示：序号x中xxSN码当前环节已录入，请勿重复录入",,冯云梦,UAT,
9641,,功能,工作台-设备串号,设备串号,sn码重复校验-扫描录入,L2,验证多张设备串号单中是否录入了相同的sn码数据,"1.系统运行正常
2.扫码环节选择安装使用
3.物资类型选择光缆类
4.同一任务下","1.新增多张设备串号单，直接扫描录入多个相同的SN码数据，点击保存/保存并继续按钮
2.提交设备串号单","1.正常保存sn码数据
2.正常保存/提交设备串号单",,冯云梦,UAT,
9641,,功能,工作台-设备串号,设备串号,sn码重复校验-扫描录入,L2,验证多张设备串号单中是否录入了相同的sn码数据,"1.系统运行正常
2.扫码环节选择非安装使用的环节
3.物资类型选择非光缆类
4.同一任务下","1.新增多张设备串号单，直接扫描录入多个相同的SN码数据，点击保存/保存并继续按钮
2.提交设备串号单","1.正常保存sn码数据
2.正常保存/提交设备串号单",,冯云梦,UAT,
9641,,功能,工作台-设备串号,设备串号,sn码重复校验-扫描录入,L2,验证同一张设备串号单中的物料是否录入了多个相同的sn码数据,"1.系统运行正常
2.扫码环节选择安装使用
3.物资类型选择非光缆类
4.同一任务下",1.新增设备串号单，直接手工录入多个相同的SN码数据，点击保存/保存并继续按钮,1.弹出拦截提示：当前环节SN码已录入，请勿重复录入,,冯云梦,UAT,
9641,,功能,工作台-设备串号,设备串号,sn码重复校验-扫描录入,L2,验证在同一张设备串号单中的物料是否录入了多个相同的sn码数据,"1.系统运行正常
2.扫码环节选择安装使用
3.物资类型选择光缆类
4.同一任务下",1.新增设备串号单，直接手工录入多个相同的SN码数据，点击保存/保存并继续按钮,1.正常保存sn码数据,,冯云梦,UAT,
9641,,功能,工作台-设备串号,设备串号,sn码重复校验-扫描录入,L2,验证在同一张设备串号单中的物料是否录入了多个相同的sn码数据,"1.系统运行正常
2.扫码环节选择非安装使用的环节
3.物资类型选择非光缆类
4.同一任务下",1.新增设备串号单，直接手工录入多个相同的SN码数据，点击保存/保存并继续按钮,1.正常保存sn码数据,,冯云梦,UAT,
9641,,功能,工作台-设备串号,设备串号,sn码重复校验-扫描录入,L2,验证在同一张设备串号单中的物料是否录入了多个相同的sn码数据,"1.系统运行正常
2.扫码环节选择非安装使用
3.物资类型选择光缆类
4.同一任务下",1.新增设备串号单，直接手工录入多个相同的SN码数据，点击保存/保存并继续按钮,1.正常保存sn码数据,,冯云梦,UAT,
9641,,功能,工作台-设备串号,设备串号,sn码重复校验-扫描录入,L2,验证同一张设备串号单中不同的物料是否录入了多个相同的sn码数据,"1.系统运行正常
2.扫码环节选择安装使用
3.物资类型选择非光缆类
4.同一任务下",1.新增设备串号单，直接手工录入多个相同的SN码数据，点击保存/保存并继续按钮,1.弹出拦截提示：当前环节SN码已录入，请勿重复录入,,冯云梦,UAT,
9641,,功能,工作台-设备串号,设备串号,sn码重复校验-扫描录入,L2,验证同一张设备串号单中不同的物料是否录入了多个相同的sn码数据,"1.系统运行正常
2.扫码环节选择安装使用
3.物资类型选择光缆类
4.同一任务下",1.新增设备串号单，直接手工录入多个相同的SN码数据，点击保存/保存并继续按钮,1.正常保存sn码数据,,冯云梦,UAT,
9641,,功能,工作台-设备串号,设备串号,sn码重复校验-扫描录入,L2,验证同一张设备串号单中不同的物料是否录入了多个相同的sn码数据,"1.系统运行正常
2.扫码环节选择非安装使用的环节
3.物资类型选择非光缆类
4.同一任务下",1.新增设备串号单，直接手工录入多个相同的SN码数据，点击保存/保存并继续按钮,1.正常保存sn码数据,,冯云梦,UAT,
9641,,功能,工作台-设备串号,设备串号,sn码重复校验-扫描录入,L2,验证同一张设备串号单中不同的物料是否录入了多个相同的sn码数据,"1.系统运行正常
2.扫码环节选择非安装使用
3.物资类型选择光缆类
4.同一任务下",1.新增设备串号单，直接手工录入多个相同的SN码数据，点击保存/保存并继续按钮,1.正常保存sn码数据,,冯云梦,UAT,
9641,,功能,工作台-设备串号,设备串号,sn码重复校验-扫描录入,L2,验证多张设备串号单中是否录入了相同的sn码数据,"1.系统运行正常
2.扫码环节选择安装使用
3.物资类型选择非光缆类
4.单据A状态为审批中/审批完成
5.同一任务下","1.新增设备串号单，直接手工录入多个相同的SN码数据，点击保存/保存并继续按钮
2.保存设备串号单","1.弹出拦截提示：序号x中xxSN码当前环节已录入，请勿重复录入
2.正常保存设备串号单",,冯云梦,UAT,
9641,,功能,工作台-设备串号,设备串号,sn码重复校验-扫描录入,L2,验证多张设备串号单中是否录入了相同的sn码数据,"1.系统运行正常
2.扫码环节选择安装使用
3.物资类型选择非光缆类
4.单据A状态为草稿
5.同一任务下","1.新增设备串号单，直接手工录入多个相同的SN码数据，点击保存/保存并继续按钮
2.其中一个设备串号单提交审批
3.编辑另一张设备串号单，点击提交","1.正常保存sn码数据
2.正常提交审批
3.弹出拦截提示：序号x中xxSN码当前环节已录入，请勿重复录入",,冯云梦,UAT,
9641,,功能,工作台-设备串号,设备串号,sn码重复校验-扫描录入,L2,验证多张设备串号单中是否录入了相同的sn码数据,"1.系统运行正常
2.扫码环节选择安装使用
3.物资类型选择光缆类
4.同一任务下","1.新增多张设备串号单，直接手工录入多个相同的SN码数据，点击保存/保存并继续按钮
2.提交设备串号单","1.正常保存sn码数据
2.正常保存/提交设备串号单",,冯云梦,UAT,
9641,,功能,工作台-设备串号,设备串号,sn码重复校验-扫描录入,L2,验证多张设备串号单中是否录入了相同的sn码数据,"1.系统运行正常
2.扫码环节选择非安装使用的环节
3.物资类型选择非光缆类
4.同一任务下","1.新增多张设备串号单，直接手工录入多个相同的SN码数据，点击保存/保存并继续按钮
2.提交设备串号单","1.正常保存sn码数据
2.正常保存/提交设备串号单",,冯云梦,UAT,
9296,"【需求背景】北京启用pms物资管理模块
【需求描述】上线物资管理模块
【方案简述】接口联调，包括：
OSB_LIS_LIS_HQ_00033新增领料申请（lis模式）
OSB_LIS_LIS_HQ_00035编辑及查看领料申请（LIS模式）
OSB_LIS_LIS_HQ_00036新增退料申请（LIS模式）
OSB_LIS_LIS_HQ_00037编辑及查看退料申请（LIS模式及PMS模式）
OSB_LIS_LIS_HQ_00038新增现场调拨申请（LIS模式）
OSB_LIS_LIS_HQ_00039编辑及查看现场调拨申请（LIS模式及PMS模式）
OSB_BP_SOA_HQ_00061_查询LIS领料申请单信息路由服务（分页）
OSB_BP_SOA_HQ_00063_查询LIS退料申请单信息路由服务（分页）
OSB_BP_SOA_HQ_00065_查询LIS现场调拨申请单信息路由服务（分页）
OSB_BP_SOA_HQ_00072 _查询LIS接收直发单信息路由服务（分页）
OSB_BP_SOA_HQ_00205_查询接收直发单信息路由服务(多项目)（分页）
OSB_BP_SOA_HQ_00125_查询LIS出库单信息路由服务（多项目）（分页）
OSB_BP_SOA_HQ_00126_查询LIS退库单信息路由服务（多项目）（分页）
OSB_BP_SOA_HQ_00138_查询SN码信息路由服务（分页）
开发做连通性测试、测试组和现场运维做业务测试
功能测试，包括：单任务物资平衡表（物料）、物资平衡表（物料）",功能,SCM出库单,物资管理-SCM出库单,查询,L2,验证查询、重置，导出，同步出库单,"1.使用工程实施经理登录
2.有菜单权限",1.点击查询出库单,1.正常查询出符合查询条件的出库单,,冯云梦,UAT,
9296,,功能,SCM出库单,物资管理-SCM出库单,重置,L2,验证查询、重置，导出，同步出库单,"1.使用工程实施经理登录
2.有菜单权限",1.点击重置查询条件,1.正常清空查询条件，并查询出所有的出库单数据,,冯云梦,UAT,
9296,,功能,SCM出库单,物资管理-SCM出库单,导出,L2,验证查询、重置，导出，同步出库单,"1.使用工程实施经理登录
2.有菜单权限",1.点击导出按钮,1.正常导出符合查询条件的出库单数据,,冯云梦,UAT,
9296,,功能,SCM出库单,物资管理-SCM出库单,同步,L2,验证查询、重置，导出，同步出库单,"1.使用工程实施经理登录
2.有菜单权限",1.点击同步出库单,1.正常同步所选的项目下的出库单,,冯云梦,UAT,
9296,,功能,项目物资台账,物资管理-项目物资台账,查询台账信息,L2,验证查询、重置，导出，台账数据,"1.使用工程实施经理登录
2.有菜单权限",1.点击进入项目物资台账,1.正常查看到台账数据,,冯云梦,UAT,
9296,,功能,SCM出库单明细,物资管理-SCM出库单明细,查询,L2,验证查询、重置，导出，同步出库单,"1.使用工程实施经理登录
2.有菜单权限",1.点击查询出库单,1.正常查询出符合查询条件的出库单,,冯云梦,UAT,
9296,,功能,SCM出库单明细,物资管理-SCM出库单明细,重置,L2,验证查询、重置，导出，同步出库单,"1.使用工程实施经理登录
2.有菜单权限",1.点击重置查询条件,1.正常清空查询条件，并查询出所有的出库单数据,,冯云梦,UAT,
9296,,功能,SCM出库单明细,物资管理-SCM出库单明细,导出,L2,验证查询、重置，导出，同步出库单,"1.使用工程实施经理登录
2.有菜单权限",1.点击导出按钮,1.正常导出符合查询条件的出库单数据,,冯云梦,UAT,
9296,,功能,SCM出库单明细,物资管理-SCM出库单明细,同步,L2,验证查询、重置，导出，同步出库单,"1.使用工程实施经理登录
2.有菜单权限",1.点击同步出库单,1.正常同步所选的项目下的出库单,,冯云梦,UAT,
9296,,功能,SCM退库单,物资管理-SCM退库单,查询,L2,验证查询、重置，导出，同步SCM退库单,"1.使用工程实施经理登录
2.有菜单权限",1.点击查询退库单,1.正常查询出符合查询条件的退库单,,冯云梦,UAT,
9296,,功能,SCM退库单,物资管理-SCM退库单,重置,L2,验证查询、重置，导出，同步SCM退库单,"1.使用工程实施经理登录
2.有菜单权限",1.点击重置查询条件,1.正常清空查询条件，并查询出所有的退库单数据,,冯云梦,UAT,
9296,,功能,SCM退库单,物资管理-SCM退库单,导出,L2,验证查询、重置，导出，同步SCM退库单,"1.使用工程实施经理登录
2.有菜单权限",1.点击导出按钮,1.正常导出符合查询条件的退库单数据,,冯云梦,UAT,
9296,,功能,SCM退库单,物资管理-SCM退库单,同步,L2,验证查询、重置，导出，同步SCM退库单,"1.使用工程实施经理登录
2.有菜单权限",1.点击同步退库单,1.正常同步所选的项目下的退库单,,冯云梦,UAT,
9296,,功能,SCM退库单明细查询,物资管理-SCM退库单明细查询,查询,L2,验证查询、重置，导出，同步SCM退库单,"1.使用工程实施经理登录
2.有菜单权限",1.点击查询退库单,1.正常查询出符合查询条件的退库单,,冯云梦,UAT,
9296,,功能,SCM退库单明细查询,物资管理-SCM退库单明细查询,重置,L2,验证查询、重置，导出，同步SCM退库单,"1.使用工程实施经理登录
2.有菜单权限",1.点击重置查询条件,1.正常清空查询条件，并查询出所有的退库单数据,,冯云梦,UAT,
9296,,功能,SCM退库单明细查询,物资管理-SCM退库单明细查询,导出,L2,验证查询、重置，导出，同步SCM退库单,"1.使用工程实施经理登录
2.有菜单权限",1.点击导出按钮,1.正常导出符合查询条件的退库单数据,,冯云梦,UAT,
9296,,功能,SCM退库单明细查询,物资管理-SCM退库单明细查询,同步,L2,验证查询、重置，导出，同步SCM退库单,"1.使用工程实施经理登录
2.有菜单权限",1.点击同步退库单,1.正常同步所选的项目下的退库单,,冯云梦,UAT,
9296,,功能,单任务物资平衡表（物料）,物资管理-单任务物资平衡表（物料）,新增,L2,验证新增单任务物资平衡表,"1.使用工程实施经理登录
2.有菜单权限",1.进入单任务物资平衡表新增页面，选择做完出库退库的项目任务,1.页面正常展示该出库单对应的物料信息，调入调出，退库数量,,冯云梦,UAT,
9296,,功能,单任务物资平衡表（物料）,物资管理-单任务物资平衡表（物料）,审批,L2,验证审批单任务物资平衡表,"1.使用工程实施经理登录
2.有菜单权限",1.进入单任务物资平衡表新增页面，选择做完出库退库的项目任务，填写数量后点击提交，进入审批流程,1.正常生成待办，待办信息正确，单据状态改为审批中,,冯云梦,UAT,
9296,,功能,单任务物资平衡表（物料）,物资管理-单任务物资平衡表（物料）,驳回,L2,验证驳回单任务物资平衡表,"1.使用工程实施经理登录
2.有菜单权限",1.驳回该单任务物资平衡表,1.正常驳回到起草人,,冯云梦,UAT,
9296,,功能,单任务物资平衡表（物料）,物资管理-单任务物资平衡表（物料）,作废,L2,验证作废单任务物资平衡表,"1.使用工程实施经理登录
2.有菜单权限",1.作废该单任务物资平衡表,1.正常作废，单据状态改为作废,,冯云梦,UAT,
9296,,功能,单任务物资平衡表（物料）,物资管理-单任务物资平衡表（物料）,批量新增,L2,验证批量新增单任务物资平衡表,"1.使用工程实施经理登录
2.有菜单权限",1.批量新增单任务物资平衡表,1.正常生成待办，数据正确,,冯云梦,UAT,
9296,,功能,物资平衡表（物料）,物资管理-物资平衡表（物料）,查看物资平衡表（物料）数据,L2,验证物资平衡表,"1.使用工程实施经理登录
2.有菜单权限",1.查看物资平衡表信息,1.正确展示对应的出库单的数量信息以及使用量信息,,冯云梦,UAT,
9296,,功能,撤销单,物资管理-撤销单,新增,,验证新增撤销单,"1.使用工程实施经理登录
2.有菜单权限",1.进入撤销单新增页面，选择做完单任务物资平衡表的项目任务,1.页面正常展示该单任务物资平衡表数据,,冯云梦,UAT,
9296,,功能,撤销单,物资管理-撤销单,审批,,验证审批撤销单,"1.使用工程实施经理登录
2.有菜单权限",1.进入撤销单新增页面，选择做完单任务物资平衡表的项目任务，填写数据后点击提交，进入审批流程,1.正常生成待办，待办信息正确，单据状态改为审批中,,冯云梦,UAT,
9296,,功能,撤销单,物资管理-撤销单,驳回,,验证驳回撤销单,"1.使用工程实施经理登录
2.有菜单权限",1.驳回该撤销单,1.正常驳回到起草人,,冯云梦,UAT,
9296,,功能,撤销单,物资管理-撤销单,作废,,验证作废撤销单,"1.使用工程实施经理登录
2.有菜单权限",1.作废该撤销单,1.正常作废，单据状态改为作废,,冯云梦,UAT,
